venda_id,produto_id,cliente_id,quantidade_vendida,data_venda,ano_venda,mes_venda,dia_venda
1,5,175,5,2022-12-19,2022,12,19
2,2,211,1,2024-05-13,2024,5,13
3,19,276,7,2023-04-18,2023,4,18
4,48,124,1,2023-08-20,2023,8,20
5,14,18,8,2023-06-09,2023,6,9
6,3,141,2,2023-08-05,2023,8,5
7,43,113,9,2024-05-29,2024,5,29
8,46,29,8,2024-06-02,2024,6,2
9,39,19,6,2024-07-17,2024,7,17
10,24,190,1,2023-01-12,2023,1,12
11,19,166,6,2022-11-02,2022,11,2
12,33,249,7,2024-08-03,2024,8,3
13,3,54,8,2023-10-26,2023,10,26
14,46,34,6,2024-08-28,2024,8,28
15,47,195,6,2024-01-29,2024,1,29
16,17,191,9,2024-08-18,2024,8,18
17,41,286,3,2023-07-25,2023,7,25
18,5,206,9,2024-08-09,2024,8,9
19,15,206,8,2023-11-09,2023,11,9
20,6,173,1,2024-04-19,2024,4,19
21,35,258,5,2022-12-23,2022,12,23
22,28,293,3,2023-03-16,2023,3,16
23,28,6,1,2024-08-08,2024,8,8
24,9,248,8,2023-03-31,2023,3,31
25,21,19,5,2024-05-07,2024,5,7
26,24,105,5,2024-07-23,2024,7,23
27,14,221,5,2023-12-26,2023,12,26
28,32,42,4,2024-02-29,2024,2,29
29,30,225,3,2024-08-14,2024,8,14
30,34,11,10,2023-03-22,2023,3,22
31,42,238,4,2023-01-19,2023,1,19
32,6,25,3,2022-10-21,2022,10,21
33,11,245,6,2023-04-05,2023,4,5
34,12,211,8,2023-09-23,2023,9,23
35,6,184,3,2023-10-28,2023,10,28
36,32,128,10,2022-11-16,2022,11,16
37,1,86,4,2024-01-07,2024,1,7
38,40,105,2,2024-06-01,2024,6,1
39,20,152,7,2024-04-23,2024,4,23
40,20,26,3,2022-11-04,2022,11,4
41,14,268,4,2023-04-02,2023,4,2
42,3,95,9,2023-09-29,2023,9,29
43,29,143,1,2023-01-02,2023,1,2
44,35,277,7,2023-11-27,2023,11,27
45,44,204,1,2023-03-13,2023,3,13
46,12,113,5,2022-11-02,2022,11,2
47,18,163,10,2022-11-28,2022,11,28
48,33,3,1,2024-06-04,2024,6,4
49,35,59,5,2024-03-21,2024,3,21
50,38,197,3,2023-12-28,2023,12,28
51,15,204,9,2023-06-22,2023,6,22
52,21,119,1,2024-02-22,2024,2,22
53,36,156,3,2024-09-22,2024,9,22
54,45,231,8,2023-12-27,2023,12,27
55,36,285,1,2024-06-17,2024,6,17
56,15,132,1,2024-05-31,2024,5,31
57,47,201,1,2023-05-20,2023,5,20
58,13,56,2,2023-12-06,2023,12,6
59,30,208,8,2023-09-30,2023,9,30
60,11,183,1,2023-02-14,2023,2,14
61,48,261,5,2023-04-29,2023,4,29
62,36,58,10,2023-02-25,2023,2,25
63,36,89,10,2023-10-07,2023,10,7
64,7,86,9,2024-06-06,2024,6,6
65,9,38,3,2024-02-05,2024,2,5
66,2,29,8,2024-01-05,2024,1,5
67,18,43,8,2023-09-02,2023,9,2
68,24,163,9,2024-04-05,2024,4,5
69,30,42,6,2023-01-16,2023,1,16
70,18,68,5,2023-05-13,2023,5,13
71,37,207,4,2023-10-01,2023,10,1
72,8,152,3,2023-04-07,2023,4,7
73,30,9,7,2023-09-18,2023,9,18
74,26,197,6,2024-09-11,2024,9,11
75,1,274,4,2024-05-21,2024,5,21
76,17,267,2,2024-05-12,2024,5,12
77,19,213,3,2024-05-03,2024,5,3
78,34,33,10,2023-05-02,2023,5,2
79,14,136,5,2023-07-30,2023,7,30
80,17,271,5,2023-05-29,2023,5,29
81,25,126,2,2023-06-06,2023,6,6
82,19,202,5,2022-12-30,2022,12,30
83,34,253,5,2024-01-28,2024,1,28
84,27,135,7,2024-05-08,2024,5,8
85,40,238,3,2022-12-08,2022,12,8
86,47,187,7,2023-09-23,2023,9,23
87,17,101,5,2023-06-30,2023,6,30
88,23,32,8,2023-01-07,2023,1,7
89,30,57,9,2024-07-24,2024,7,24
90,1,184,8,2022-11-02,2022,11,2
91,34,105,4,2022-11-04,2022,11,4
92,37,146,6,2023-06-22,2023,6,22
93,32,53,8,2024-08-25,2024,8,25
94,39,238,6,2023-10-01,2023,10,1
95,49,90,4,2024-08-17,2024,8,17
96,18,43,7,2023-07-28,2023,7,28
97,49,198,6,2023-03-25,2023,3,25
98,24,102,7,2022-12-08,2022,12,8
99,37,74,9,2022-12-27,2022,12,27
100,46,142,3,2022-10-24,2022,10,24
101,28,124,2,2023-12-21,2023,12,21
102,18,197,2,2023-09-13,2023,9,13
103,34,274,5,2024-07-22,2024,7,22
104,42,7,9,2022-12-27,2022,12,27
105,45,99,8,2023-09-04,2023,9,4
106,9,239,2,2023-11-26,2023,11,26
107,31,132,2,2024-03-26,2024,3,26
108,43,148,4,2024-06-22,2024,6,22
109,2,29,5,2022-11-04,2022,11,4
110,32,194,1,2023-05-22,2023,5,22
111,23,177,2,2024-05-13,2024,5,13
112,34,67,3,2023-09-20,2023,9,20
113,37,99,9,2022-12-07,2022,12,7
114,25,139,2,2024-02-27,2024,2,27
115,7,155,10,2024-02-22,2024,2,22
116,6,234,10,2024-06-16,2024,6,16
117,27,22,1,2022-10-20,2022,10,20
118,33,70,6,2023-08-19,2023,8,19
119,20,103,2,2024-05-31,2024,5,31
120,22,290,8,2024-02-15,2024,2,15
121,17,239,9,2024-06-26,2024,6,26
122,15,130,1,2023-08-23,2023,8,23
123,6,77,5,2024-05-20,2024,5,20
124,12,182,10,2023-12-02,2023,12,2
125,26,60,9,2023-10-14,2023,10,14
126,9,169,2,2023-10-27,2023,10,27
127,31,212,8,2024-01-13,2024,1,13
128,32,146,3,2023-08-14,2023,8,14
129,12,142,2,2023-05-14,2023,5,14
130,50,273,3,2023-11-21,2023,11,21
131,30,67,2,2024-06-23,2024,6,23
132,36,103,8,2024-09-14,2024,9,14
133,20,126,8,2024-06-22,2024,6,22
134,3,187,6,2024-07-12,2024,7,12
135,37,129,7,2024-07-10,2024,7,10
136,38,90,10,2024-08-01,2024,8,1
137,17,180,9,2024-07-06,2024,7,6
138,46,57,5,2024-08-11,2024,8,11
139,45,24,4,2024-01-05,2024,1,5
140,31,74,2,2024-04-21,2024,4,21
141,1,244,4,2024-05-03,2024,5,3
142,8,251,3,2024-01-03,2024,1,3
143,7,217,8,2024-06-09,2024,6,9
144,20,168,1,2024-08-25,2024,8,25
145,4,124,8,2023-12-24,2023,12,24
146,3,131,4,2024-08-14,2024,8,14
147,4,148,5,2023-02-10,2023,2,10
148,18,57,9,2024-09-28,2024,9,28
149,24,116,1,2023-02-06,2023,2,6
150,41,214,7,2023-07-29,2023,7,29
151,20,202,5,2024-05-30,2024,5,30
152,31,256,7,2024-02-14,2024,2,14
153,41,255,1,2024-10-01,2024,10,1
154,1,224,6,2023-03-13,2023,3,13
155,43,30,8,2023-01-19,2023,1,19
156,21,31,3,2022-11-26,2022,11,26
157,16,195,7,2024-07-20,2024,7,20
158,17,146,8,2023-11-08,2023,11,8
159,47,225,5,2024-06-21,2024,6,21
160,41,186,7,2023-03-17,2023,3,17
161,12,175,10,2024-08-28,2024,8,28
162,11,91,3,2023-05-30,2023,5,30
163,34,54,4,2024-05-11,2024,5,11
164,29,251,10,2022-11-10,2022,11,10
165,17,20,10,2023-01-02,2023,1,2
166,6,77,1,2023-01-30,2023,1,30
167,13,66,7,2024-09-27,2024,9,27
168,29,131,2,2023-09-15,2023,9,15
169,42,223,8,2023-05-27,2023,5,27
170,4,213,2,2024-06-06,2024,6,6
171,5,100,3,2023-03-17,2023,3,17
172,27,161,3,2023-10-23,2023,10,23
173,39,183,9,2022-12-20,2022,12,20
174,37,207,8,2024-05-25,2024,5,25
175,10,29,10,2022-12-31,2022,12,31
176,6,45,7,2023-10-24,2023,10,24
177,46,181,1,2024-08-02,2024,8,2
178,6,77,3,2022-11-19,2022,11,19
179,15,163,9,2023-10-03,2023,10,3
180,3,108,4,2024-07-06,2024,7,6
181,33,135,9,2023-11-17,2023,11,17
182,7,234,2,2024-02-14,2024,2,14
183,15,281,4,2024-10-09,2024,10,9
184,33,14,1,2023-12-05,2023,12,5
185,10,181,3,2024-10-03,2024,10,3
186,22,215,1,2023-01-16,2023,1,16
187,49,123,1,2024-04-29,2024,4,29
188,20,258,9,2024-02-05,2024,2,5
189,13,286,4,2023-06-10,2023,6,10
190,46,38,6,2023-04-12,2023,4,12
191,27,123,2,2023-06-04,2023,6,4
192,38,12,7,2024-08-18,2024,8,18
193,25,160,10,2023-06-22,2023,6,22
194,33,126,8,2023-07-17,2023,7,17
195,28,278,4,2023-08-23,2023,8,23
196,40,230,4,2024-04-25,2024,4,25
197,27,267,9,2023-09-27,2023,9,27
198,44,254,9,2024-01-01,2024,1,1
199,50,55,3,2024-07-07,2024,7,7
200,2,255,1,2022-10-26,2022,10,26
201,46,251,8,2024-09-19,2024,9,19
202,9,216,1,2023-04-11,2023,4,11
203,14,151,2,2023-03-30,2023,3,30
204,42,118,3,2023-03-05,2023,3,5
205,45,81,9,2024-02-11,2024,2,11
206,48,81,4,2022-12-05,2022,12,5
207,10,110,2,2023-01-23,2023,1,23
208,8,47,6,2023-11-15,2023,11,15
209,4,182,9,2024-01-20,2024,1,20
210,28,76,10,2023-01-10,2023,1,10
211,26,191,6,2024-08-03,2024,8,3
212,33,207,4,2024-02-13,2024,2,13
213,39,52,10,2022-12-22,2022,12,22
214,10,3,6,2023-09-21,2023,9,21
215,44,177,5,2022-12-23,2022,12,23
216,8,157,9,2023-02-17,2023,2,17
217,10,72,7,2022-11-11,2022,11,11
218,39,70,3,2023-10-06,2023,10,6
219,19,279,2,2023-09-13,2023,9,13
220,6,240,8,2023-03-03,2023,3,3
221,1,27,2,2023-03-06,2023,3,6
222,9,290,10,2023-11-02,2023,11,2
223,27,277,10,2023-02-27,2023,2,27
224,29,95,3,2023-08-17,2023,8,17
225,49,143,8,2023-11-21,2023,11,21
226,29,284,5,2024-03-06,2024,3,6
227,26,31,3,2023-07-06,2023,7,6
228,9,229,8,2022-12-26,2022,12,26
229,14,4,10,2024-07-29,2024,7,29
230,8,300,3,2023-03-28,2023,3,28
231,33,180,1,2023-04-28,2023,4,28
232,3,182,6,2023-04-10,2023,4,10
233,41,135,8,2023-05-17,2023,5,17
234,7,57,3,2023-12-25,2023,12,25
235,41,244,7,2024-10-11,2024,10,11
236,32,225,7,2023-11-10,2023,11,10
237,22,115,5,2023-06-02,2023,6,2
238,14,143,7,2023-08-31,2023,8,31
239,2,26,7,2022-11-11,2022,11,11
240,13,91,3,2023-12-28,2023,12,28
241,39,62,4,2024-01-26,2024,1,26
242,32,224,8,2024-08-04,2024,8,4
243,17,132,4,2023-03-01,2023,3,1
244,48,93,6,2024-04-28,2024,4,28
245,49,246,1,2024-04-08,2024,4,8
246,36,175,1,2024-03-26,2024,3,26
247,46,33,2,2024-07-04,2024,7,4
248,16,117,8,2023-03-15,2023,3,15
249,13,141,5,2023-12-05,2023,12,5
250,49,109,3,2023-02-19,2023,2,19
251,34,35,5,2022-10-28,2022,10,28
252,27,209,5,2023-05-12,2023,5,12
253,25,229,7,2023-07-20,2023,7,20
254,42,219,4,2023-11-26,2023,11,26
255,39,41,10,2024-01-23,2024,1,23
256,19,49,10,2024-08-07,2024,8,7
257,24,15,10,2024-05-05,2024,5,5
258,35,210,10,2023-02-21,2023,2,21
259,42,69,4,2023-09-02,2023,9,2
260,17,91,9,2023-11-16,2023,11,16
261,49,21,6,2023-02-05,2023,2,5
262,27,259,5,2023-07-19,2023,7,19
263,40,194,4,2024-04-13,2024,4,13
264,24,183,3,2023-08-22,2023,8,22
265,34,26,8,2022-11-14,2022,11,14
266,29,234,1,2024-07-10,2024,7,10
267,26,6,6,2023-10-29,2023,10,29
268,1,175,2,2023-01-23,2023,1,23
269,9,138,6,2023-09-30,2023,9,30
270,1,264,6,2023-08-07,2023,8,7
271,15,81,9,2024-10-07,2024,10,7
272,46,114,4,2023-03-17,2023,3,17
273,26,251,4,2024-05-11,2024,5,11
274,35,78,9,2024-01-20,2024,1,20
275,16,169,4,2024-03-24,2024,3,24
276,4,117,2,2023-01-20,2023,1,20
277,7,153,2,2023-08-18,2023,8,18
278,22,240,6,2022-12-26,2022,12,26
279,20,87,8,2024-04-18,2024,4,18
280,25,225,2,2023-07-15,2023,7,15
281,30,177,10,2023-02-16,2023,2,16
282,32,292,2,2024-01-27,2024,1,27
283,23,58,9,2023-07-24,2023,7,24
284,33,74,2,2024-06-25,2024,6,25
285,1,4,9,2024-09-18,2024,9,18
286,7,156,10,2024-01-17,2024,1,17
287,5,78,3,2023-04-05,2023,4,5
288,31,252,5,2024-05-06,2024,5,6
289,46,26,4,2024-02-19,2024,2,19
290,4,217,8,2022-12-22,2022,12,22
291,20,71,3,2024-05-06,2024,5,6
292,3,235,5,2023-04-28,2023,4,28
293,8,80,9,2024-09-26,2024,9,26
294,24,29,9,2023-10-12,2023,10,12
295,46,24,5,2024-01-03,2024,1,3
296,45,226,4,2023-08-19,2023,8,19
297,44,188,6,2023-11-09,2023,11,9
298,7,78,2,2024-04-25,2024,4,25
299,33,105,10,2023-02-18,2023,2,18
300,38,42,5,2024-06-10,2024,6,10
301,29,172,4,2023-09-03,2023,9,3
302,38,1,8,2023-03-14,2023,3,14
303,16,81,4,2024-07-21,2024,7,21
304,16,245,4,2024-10-01,2024,10,1
305,29,292,10,2022-10-31,2022,10,31
306,37,217,4,2023-08-27,2023,8,27
307,27,32,1,2024-04-03,2024,4,3
308,49,10,9,2024-03-02,2024,3,2
309,21,200,4,2023-03-07,2023,3,7
310,23,56,4,2023-09-18,2023,9,18
311,4,37,6,2022-11-20,2022,11,20
312,37,237,3,2024-05-11,2024,5,11
313,45,94,7,2024-10-14,2024,10,14
314,31,36,7,2023-07-06,2023,7,6
315,41,187,9,2023-07-20,2023,7,20
316,5,287,1,2023-12-01,2023,12,1
317,27,299,6,2023-09-30,2023,9,30
318,24,79,8,2024-08-26,2024,8,26
319,29,21,6,2023-04-08,2023,4,8
320,12,184,9,2024-02-11,2024,2,11
321,40,289,4,2023-05-10,2023,5,10
322,23,216,10,2022-12-07,2022,12,7
323,15,92,10,2023-09-03,2023,9,3
324,26,7,3,2023-08-24,2023,8,24
325,25,206,8,2023-11-27,2023,11,27
326,4,130,3,2024-06-24,2024,6,24
327,23,29,8,2024-02-12,2024,2,12
328,18,210,2,2023-07-01,2023,7,1
329,42,119,1,2023-09-01,2023,9,1
330,8,28,7,2023-09-23,2023,9,23
331,15,280,2,2023-04-28,2023,4,28
332,16,244,10,2023-12-03,2023,12,3
333,15,83,7,2024-08-01,2024,8,1
334,11,178,10,2023-02-23,2023,2,23
335,31,227,2,2023-10-09,2023,10,9
336,15,60,2,2024-06-18,2024,6,18
337,26,96,1,2024-08-17,2024,8,17
338,11,207,2,2024-08-21,2024,8,21
339,49,144,7,2024-01-26,2024,1,26
340,10,12,2,2024-10-14,2024,10,14
341,49,48,2,2024-07-22,2024,7,22
342,28,42,8,2023-06-14,2023,6,14
343,25,9,7,2023-05-10,2023,5,10
344,49,286,7,2022-11-10,2022,11,10
345,22,254,3,2024-07-02,2024,7,2
346,17,23,4,2023-05-10,2023,5,10
347,2,42,10,2023-06-13,2023,6,13
348,6,67,6,2024-01-17,2024,1,17
349,27,177,5,2023-12-30,2023,12,30
350,19,267,1,2023-09-19,2023,9,19
351,37,38,4,2024-09-24,2024,9,24
352,14,283,7,2024-05-29,2024,5,29
353,15,283,4,2024-07-24,2024,7,24
354,19,116,7,2024-07-20,2024,7,20
355,37,207,1,2023-09-30,2023,9,30
356,21,9,7,2024-07-16,2024,7,16
357,36,152,6,2024-05-03,2024,5,3
358,16,281,5,2024-06-01,2024,6,1
359,32,189,6,2023-06-02,2023,6,2
360,44,19,6,2024-08-27,2024,8,27
361,41,286,8,2023-07-08,2023,7,8
362,3,88,10,2023-02-04,2023,2,4
363,39,159,2,2024-04-15,2024,4,15
364,34,80,4,2023-04-23,2023,4,23
365,33,121,4,2023-10-19,2023,10,19
366,40,234,9,2024-03-31,2024,3,31
367,5,45,7,2024-08-12,2024,8,12
368,10,90,6,2023-12-05,2023,12,5
369,4,232,4,2022-12-04,2022,12,4
370,36,263,6,2023-03-01,2023,3,1
371,27,76,9,2023-08-03,2023,8,3
372,4,60,2,2024-10-14,2024,10,14
373,41,89,5,2024-01-26,2024,1,26
374,4,57,10,2022-10-28,2022,10,28
375,47,191,4,2023-05-20,2023,5,20
376,33,142,1,2024-05-04,2024,5,4
377,6,161,5,2022-12-08,2022,12,8
378,43,39,7,2023-06-25,2023,6,25
379,11,20,3,2023-09-13,2023,9,13
380,20,126,8,2024-03-10,2024,3,10
381,20,195,3,2023-11-02,2023,11,2
382,24,136,1,2023-12-11,2023,12,11
383,49,3,3,2023-10-20,2023,10,20
384,6,285,8,2023-02-03,2023,2,3
385,47,166,6,2024-03-05,2024,3,5
386,24,29,5,2024-04-01,2024,4,1
387,43,37,9,2023-01-13,2023,1,13
388,18,165,5,2024-04-09,2024,4,9
389,45,111,9,2022-12-05,2022,12,5
390,41,203,7,2024-07-11,2024,7,11
391,17,230,8,2024-06-04,2024,6,4
392,22,290,10,2024-09-19,2024,9,19
393,9,120,8,2024-02-22,2024,2,22
394,41,270,6,2023-05-28,2023,5,28
395,38,190,6,2023-05-20,2023,5,20
396,43,93,8,2024-05-08,2024,5,8
397,46,22,3,2023-02-13,2023,2,13
398,43,143,1,2023-10-05,2023,10,5
399,15,133,8,2022-12-19,2022,12,19
400,18,175,1,2023-07-27,2023,7,27
401,39,35,1,2023-06-14,2023,6,14
402,27,161,2,2024-10-16,2024,10,16
403,40,204,10,2023-11-24,2023,11,24
404,13,140,4,2024-06-16,2024,6,16
405,14,280,9,2024-04-09,2024,4,9
406,20,119,2,2023-09-17,2023,9,17
407,21,10,6,2024-06-02,2024,6,2
408,10,160,4,2023-07-02,2023,7,2
409,9,204,7,2024-08-17,2024,8,17
410,16,140,8,2024-04-26,2024,4,26
411,24,59,9,2023-09-02,2023,9,2
412,13,279,7,2023-06-19,2023,6,19
413,43,133,7,2023-06-12,2023,6,12
414,33,286,5,2023-01-15,2023,1,15
415,9,229,7,2024-04-17,2024,4,17
416,4,259,3,2022-12-02,2022,12,2
417,1,263,9,2024-10-02,2024,10,2
418,17,108,3,2024-05-23,2024,5,23
419,31,283,6,2024-02-19,2024,2,19
420,14,267,5,2022-12-10,2022,12,10
421,7,198,8,2024-07-22,2024,7,22
422,16,226,4,2023-12-20,2023,12,20
423,42,17,5,2023-07-17,2023,7,17
424,15,107,4,2024-07-28,2024,7,28
425,19,92,7,2024-10-16,2024,10,16
426,13,112,5,2023-07-20,2023,7,20
427,19,69,6,2023-09-10,2023,9,10
428,36,214,7,2023-07-07,2023,7,7
429,18,155,10,2023-07-01,2023,7,1
430,11,75,10,2024-01-15,2024,1,15
431,22,300,5,2023-10-16,2023,10,16
432,24,31,4,2024-08-05,2024,8,5
433,11,8,1,2024-06-03,2024,6,3
434,8,102,6,2023-05-11,2023,5,11
435,16,1,1,2024-03-30,2024,3,30
436,22,173,9,2024-04-18,2024,4,18
437,26,247,1,2024-01-29,2024,1,29
438,14,245,4,2023-12-11,2023,12,11
439,18,200,1,2023-07-26,2023,7,26
440,31,245,4,2023-04-17,2023,4,17
441,46,203,7,2024-01-18,2024,1,18
442,9,49,4,2024-01-03,2024,1,3
443,8,2,6,2024-01-23,2024,1,23
444,29,227,6,2024-08-31,2024,8,31
445,10,138,5,2023-05-17,2023,5,17
446,27,204,8,2024-05-21,2024,5,21
447,16,277,9,2023-02-28,2023,2,28
448,49,30,7,2023-06-09,2023,6,9
449,10,125,1,2023-04-14,2023,4,14
450,50,221,7,2023-01-25,2023,1,25
451,33,244,4,2023-05-06,2023,5,6
452,27,134,7,2023-12-02,2023,12,2
453,20,284,9,2024-05-11,2024,5,11
454,13,207,4,2023-01-29,2023,1,29
455,24,278,3,2024-02-29,2024,2,29
456,31,186,10,2024-08-08,2024,8,8
457,5,260,10,2023-06-11,2023,6,11
458,29,214,6,2024-06-30,2024,6,30
459,14,235,6,2023-05-31,2023,5,31
460,19,108,8,2022-11-26,2022,11,26
461,37,65,9,2023-08-31,2023,8,31
462,29,188,4,2024-07-16,2024,7,16
463,27,260,8,2022-12-14,2022,12,14
464,40,106,6,2024-07-02,2024,7,2
465,15,146,5,2023-11-13,2023,11,13
466,40,59,5,2023-06-28,2023,6,28
467,12,284,8,2023-12-22,2023,12,22
468,18,86,7,2023-11-08,2023,11,8
469,47,178,5,2024-02-11,2024,2,11
470,3,37,8,2023-09-19,2023,9,19
471,16,216,3,2022-12-14,2022,12,14
472,15,297,9,2024-03-12,2024,3,12
473,23,290,4,2024-09-01,2024,9,1
474,10,224,5,2024-06-17,2024,6,17
475,36,195,2,2024-06-24,2024,6,24
476,50,258,2,2024-06-15,2024,6,15
477,47,237,10,2024-06-11,2024,6,11
478,25,269,7,2022-12-08,2022,12,8
479,30,177,7,2024-08-29,2024,8,29
480,13,48,10,2024-06-14,2024,6,14
481,24,11,10,2023-05-14,2023,5,14
482,20,90,10,2024-06-22,2024,6,22
483,15,269,9,2023-05-23,2023,5,23
484,1,37,10,2022-11-17,2022,11,17
485,44,240,4,2023-05-07,2023,5,7
486,7,172,7,2024-02-19,2024,2,19
487,26,119,5,2023-05-28,2023,5,28
488,44,2,5,2024-09-25,2024,9,25
489,8,236,9,2023-07-09,2023,7,9
490,49,211,2,2024-07-03,2024,7,3
491,42,84,6,2023-02-20,2023,2,20
492,45,45,9,2024-09-27,2024,9,27
493,37,37,2,2023-06-28,2023,6,28
494,28,266,9,2023-06-20,2023,6,20
495,25,89,9,2024-04-22,2024,4,22
496,17,46,6,2023-09-08,2023,9,8
497,35,20,2,2023-09-10,2023,9,10
498,10,82,3,2023-08-08,2023,8,8
499,25,205,7,2022-10-22,2022,10,22
500,35,36,6,2024-08-03,2024,8,3
501,31,238,4,2023-10-20,2023,10,20
502,46,200,8,2023-03-23,2023,3,23
503,22,97,10,2024-02-22,2024,2,22
504,48,64,7,2024-04-22,2024,4,22
505,8,229,3,2024-07-29,2024,7,29
506,45,158,8,2024-02-24,2024,2,24
507,32,170,10,2022-11-16,2022,11,16
508,31,191,10,2023-02-20,2023,2,20
509,38,105,3,2023-04-08,2023,4,8
510,15,283,3,2024-09-17,2024,9,17
511,49,239,5,2023-11-30,2023,11,30
512,20,160,2,2023-04-22,2023,4,22
513,19,189,10,2024-04-14,2024,4,14
514,15,262,9,2023-08-03,2023,8,3
515,26,73,7,2024-01-14,2024,1,14
516,18,170,3,2024-05-18,2024,5,18
517,29,282,9,2023-09-16,2023,9,16
518,36,125,6,2023-03-22,2023,3,22
519,29,148,5,2024-03-01,2024,3,1
520,44,44,3,2024-07-06,2024,7,6
521,30,175,10,2023-09-27,2023,9,27
522,15,109,9,2022-11-09,2022,11,9
523,43,292,1,2023-09-25,2023,9,25
524,40,89,3,2022-11-07,2022,11,7
525,41,5,9,2023-03-25,2023,3,25
526,46,20,9,2024-05-22,2024,5,22
527,6,143,4,2023-11-06,2023,11,6
528,12,94,10,2024-01-02,2024,1,2
529,32,30,5,2024-06-13,2024,6,13
530,12,294,4,2023-08-21,2023,8,21
531,41,210,3,2024-06-12,2024,6,12
532,2,192,6,2022-12-08,2022,12,8
533,42,16,5,2022-11-12,2022,11,12
534,26,107,3,2023-08-24,2023,8,24
535,28,84,8,2023-01-07,2023,1,7
536,7,219,8,2023-10-22,2023,10,22
537,7,264,10,2023-01-31,2023,1,31
538,46,173,9,2023-05-09,2023,5,9
539,37,174,10,2023-09-11,2023,9,11
540,25,140,3,2022-10-23,2022,10,23
541,44,91,7,2023-08-20,2023,8,20
542,27,258,6,2024-03-08,2024,3,8
543,12,236,6,2023-11-15,2023,11,15
544,50,50,7,2024-03-06,2024,3,6
545,21,282,7,2024-06-04,2024,6,4
546,11,199,9,2022-12-01,2022,12,1
547,37,250,10,2024-06-13,2024,6,13
548,9,262,4,2023-03-04,2023,3,4
549,41,12,4,2023-04-17,2023,4,17
550,14,235,9,2023-03-12,2023,3,12
551,12,98,5,2023-09-15,2023,9,15
552,11,298,9,2023-09-25,2023,9,25
553,21,267,7,2022-12-11,2022,12,11
554,15,173,9,2024-07-13,2024,7,13
555,23,207,5,2023-07-07,2023,7,7
556,39,172,2,2023-06-18,2023,6,18
557,19,52,1,2023-07-23,2023,7,23
558,45,5,8,2022-10-26,2022,10,26
559,27,115,2,2023-02-12,2023,2,12
560,21,131,5,2024-06-12,2024,6,12
561,46,35,1,2024-10-02,2024,10,2
562,19,90,5,2023-01-22,2023,1,22
563,43,294,6,2024-06-17,2024,6,17
564,38,66,10,2024-08-01,2024,8,1
565,16,267,10,2022-12-05,2022,12,5
566,5,169,5,2023-04-24,2023,4,24
567,40,185,10,2022-11-22,2022,11,22
568,46,244,10,2022-11-28,2022,11,28
569,5,172,5,2023-01-31,2023,1,31
570,49,67,7,2023-07-16,2023,7,16
571,16,36,4,2023-08-04,2023,8,4
572,46,22,3,2024-01-26,2024,1,26
573,45,152,8,2023-03-16,2023,3,16
574,49,271,6,2023-10-19,2023,10,19
575,35,296,9,2024-10-14,2024,10,14
576,17,204,4,2024-07-14,2024,7,14
577,36,210,10,2023-04-19,2023,4,19
578,42,147,9,2023-08-30,2023,8,30
579,12,83,7,2024-08-13,2024,8,13
580,46,280,4,2024-03-09,2024,3,9
581,27,81,3,2024-04-19,2024,4,19
582,16,202,7,2023-09-21,2023,9,21
583,9,35,9,2023-10-04,2023,10,4
584,35,285,2,2023-08-25,2023,8,25
585,50,41,5,2022-12-02,2022,12,2
586,19,76,6,2023-06-05,2023,6,5
587,16,67,10,2023-05-27,2023,5,27
588,14,263,4,2024-09-16,2024,9,16
589,42,191,3,2024-07-16,2024,7,16
590,25,244,5,2023-05-21,2023,5,21
591,32,170,3,2024-07-16,2024,7,16
592,36,263,3,2023-02-25,2023,2,25
593,35,292,8,2024-03-06,2024,3,6
594,40,102,6,2024-09-17,2024,9,17
595,49,152,6,2023-04-11,2023,4,11
596,50,177,6,2023-03-02,2023,3,2
597,37,287,7,2024-05-12,2024,5,12
598,6,147,4,2024-09-24,2024,9,24
599,6,300,7,2022-12-06,2022,12,6
600,40,174,5,2024-05-06,2024,5,6
601,17,6,7,2023-02-28,2023,2,28
602,39,207,8,2023-11-02,2023,11,2
603,13,35,6,2024-07-09,2024,7,9
604,26,81,7,2023-12-24,2023,12,24
605,12,202,3,2022-10-29,2022,10,29
606,12,124,1,2023-06-03,2023,6,3
607,7,188,3,2024-05-16,2024,5,16
608,42,158,6,2024-08-18,2024,8,18
609,36,260,2,2023-10-11,2023,10,11
610,44,217,9,2023-02-04,2023,2,4
611,16,205,5,2022-11-21,2022,11,21
612,26,274,10,2023-05-27,2023,5,27
613,43,23,5,2022-10-21,2022,10,21
614,30,192,6,2024-08-12,2024,8,12
615,39,12,8,2023-07-24,2023,7,24
616,41,44,3,2023-11-02,2023,11,2
617,21,101,1,2023-08-30,2023,8,30
618,23,211,9,2022-12-18,2022,12,18
619,16,240,9,2023-10-08,2023,10,8
620,32,135,8,2023-10-20,2023,10,20
621,7,264,10,2023-12-14,2023,12,14
622,23,210,6,2023-12-03,2023,12,3
623,43,65,10,2023-05-05,2023,5,5
624,17,64,8,2023-09-23,2023,9,23
625,1,91,6,2024-05-26,2024,5,26
626,47,296,5,2023-05-27,2023,5,27
627,11,112,9,2023-09-01,2023,9,1
628,39,50,6,2023-10-18,2023,10,18
629,39,126,10,2024-01-06,2024,1,6
630,3,252,6,2023-05-28,2023,5,28
631,40,261,1,2023-07-27,2023,7,27
632,25,250,4,2022-10-28,2022,10,28
633,48,142,3,2023-04-29,2023,4,29
634,2,28,9,2024-03-14,2024,3,14
635,48,111,2,2023-07-07,2023,7,7
636,17,264,4,2024-04-17,2024,4,17
637,17,44,1,2024-08-06,2024,8,6
638,22,100,10,2022-10-19,2022,10,19
639,24,165,3,2023-08-29,2023,8,29
640,21,269,8,2023-04-12,2023,4,12
641,29,42,10,2022-12-29,2022,12,29
642,30,89,8,2023-12-28,2023,12,28
643,31,74,6,2023-02-03,2023,2,3
644,12,282,9,2023-05-03,2023,5,3
645,30,191,3,2024-03-09,2024,3,9
646,16,293,10,2023-06-10,2023,6,10
647,26,128,1,2023-03-06,2023,3,6
648,2,234,1,2024-04-11,2024,4,11
649,42,262,10,2024-09-03,2024,9,3
650,38,206,6,2024-03-25,2024,3,25
651,24,182,6,2023-02-05,2023,2,5
652,17,150,9,2023-07-08,2023,7,8
653,10,50,6,2023-06-26,2023,6,26
654,22,42,5,2023-11-20,2023,11,20
655,6,102,4,2024-07-08,2024,7,8
656,14,147,6,2023-09-30,2023,9,30
657,31,204,5,2024-02-10,2024,2,10
658,13,184,10,2023-01-30,2023,1,30
659,20,16,9,2022-10-19,2022,10,19
660,21,59,8,2023-12-12,2023,12,12
661,19,42,6,2024-07-09,2024,7,9
662,29,89,9,2024-02-27,2024,2,27
663,26,145,1,2022-10-21,2022,10,21
664,9,112,5,2023-04-12,2023,4,12
665,10,121,2,2023-07-28,2023,7,28
666,24,63,2,2023-01-23,2023,1,23
667,16,67,6,2023-05-18,2023,5,18
668,42,220,8,2024-02-16,2024,2,16
669,17,15,4,2023-06-19,2023,6,19
670,47,153,4,2024-01-26,2024,1,26
671,4,13,2,2023-08-31,2023,8,31
672,40,55,4,2023-08-08,2023,8,8
673,1,139,10,2024-04-22,2024,4,22
674,27,155,7,2022-12-13,2022,12,13
675,22,114,7,2024-01-25,2024,1,25
676,10,79,6,2024-01-15,2024,1,15
677,27,117,9,2024-09-24,2024,9,24
678,44,32,6,2022-12-13,2022,12,13
679,1,241,2,2023-09-04,2023,9,4
680,35,186,7,2024-08-31,2024,8,31
681,24,24,4,2023-10-02,2023,10,2
682,7,125,2,2023-11-12,2023,11,12
683,6,30,6,2023-02-09,2023,2,9
684,48,289,8,2022-12-16,2022,12,16
685,6,56,6,2023-07-10,2023,7,10
686,36,68,2,2023-07-01,2023,7,1
687,22,79,1,2024-03-01,2024,3,1
688,18,51,3,2023-12-18,2023,12,18
689,50,188,5,2022-11-09,2022,11,9
690,22,256,7,2024-02-23,2024,2,23
691,4,114,2,2022-11-12,2022,11,12
692,24,41,7,2023-05-24,2023,5,24
693,49,39,10,2023-04-14,2023,4,14
694,4,173,8,2022-12-27,2022,12,27
695,40,180,3,2024-04-14,2024,4,14
696,15,214,3,2024-07-08,2024,7,8
697,26,274,10,2023-05-26,2023,5,26
698,43,253,2,2024-06-23,2024,6,23
699,2,147,4,2023-02-13,2023,2,13
700,34,195,6,2024-08-14,2024,8,14
701,7,69,1,2024-08-17,2024,8,17
702,7,292,6,2024-03-26,2024,3,26
703,18,142,4,2023-12-18,2023,12,18
704,7,284,4,2024-09-12,2024,9,12
705,20,51,2,2024-06-18,2024,6,18
706,37,217,7,2023-04-21,2023,4,21
707,7,87,7,2023-12-29,2023,12,29
708,8,284,4,2023-06-05,2023,6,5
709,9,182,1,2024-03-26,2024,3,26
710,4,280,3,2023-04-18,2023,4,18
711,21,149,10,2023-05-16,2023,5,16
712,42,147,9,2024-09-24,2024,9,24
713,18,79,5,2023-07-13,2023,7,13
714,19,195,3,2024-01-01,2024,1,1
715,39,128,1,2024-09-01,2024,9,1
716,3,280,7,2024-03-30,2024,3,30
717,37,176,2,2023-08-15,2023,8,15
718,22,179,1,2024-06-14,2024,6,14
719,50,103,9,2022-10-20,2022,10,20
720,47,240,10,2024-03-09,2024,3,9
721,3,300,4,2024-01-17,2024,1,17
722,43,212,7,2023-12-19,2023,12,19
723,41,79,9,2024-09-27,2024,9,27
724,17,263,7,2024-08-24,2024,8,24
725,45,192,4,2023-08-24,2023,8,24
726,47,280,7,2024-07-25,2024,7,25
727,43,219,7,2024-07-10,2024,7,10
728,15,290,9,2023-05-11,2023,5,11
729,30,61,7,2024-01-19,2024,1,19
730,36,274,2,2024-08-24,2024,8,24
731,26,273,2,2024-01-21,2024,1,21
732,12,61,1,2023-11-01,2023,11,1
733,17,48,7,2024-08-27,2024,8,27
734,14,125,5,2023-11-10,2023,11,10
735,47,150,4,2023-03-30,2023,3,30
736,17,42,9,2023-03-30,2023,3,30
737,38,246,2,2024-03-14,2024,3,14
738,36,51,7,2024-07-08,2024,7,8
739,27,203,3,2024-04-14,2024,4,14
740,30,62,8,2023-12-15,2023,12,15
741,9,297,3,2022-12-13,2022,12,13
742,20,143,1,2023-01-12,2023,1,12
743,44,273,2,2023-12-07,2023,12,7
744,18,293,7,2023-03-31,2023,3,31
745,40,199,5,2023-07-05,2023,7,5
746,25,178,8,2023-08-31,2023,8,31
747,32,226,2,2024-04-13,2024,4,13
748,7,253,2,2022-11-06,2022,11,6
749,22,15,9,2024-07-03,2024,7,3
750,7,26,5,2023-02-26,2023,2,26
751,35,154,10,2024-04-30,2024,4,30
752,33,224,3,2023-07-15,2023,7,15
753,9,86,3,2023-01-17,2023,1,17
754,8,14,7,2022-12-23,2022,12,23
755,18,93,4,2023-10-22,2023,10,22
756,5,182,3,2023-06-25,2023,6,25
757,22,132,4,2023-04-07,2023,4,7
758,13,70,2,2024-06-24,2024,6,24
759,26,158,10,2023-06-11,2023,6,11
760,22,159,9,2023-08-13,2023,8,13
761,50,288,6,2023-10-16,2023,10,16
762,15,265,8,2023-03-23,2023,3,23
763,39,98,10,2023-01-23,2023,1,23
764,25,180,1,2023-11-22,2023,11,22
765,1,124,8,2024-09-22,2024,9,22
766,17,157,2,2023-11-03,2023,11,3
767,38,7,10,2023-01-06,2023,1,6
768,22,53,8,2023-05-02,2023,5,2
769,49,137,1,2024-09-23,2024,9,23
770,23,107,5,2023-10-01,2023,10,1
771,9,266,3,2023-07-31,2023,7,31
772,7,297,1,2022-11-02,2022,11,2
773,48,294,8,2024-08-06,2024,8,6
774,11,247,8,2023-12-04,2023,12,4
775,45,247,9,2024-03-09,2024,3,9
776,17,195,1,2024-09-04,2024,9,4
777,4,95,5,2023-12-04,2023,12,4
778,42,30,6,2024-09-18,2024,9,18
779,37,146,2,2024-03-10,2024,3,10
780,14,80,6,2023-09-29,2023,9,29
781,11,127,9,2024-09-18,2024,9,18
782,2,48,8,2023-11-12,2023,11,12
783,9,116,7,2024-07-08,2024,7,8
784,31,176,1,2023-09-01,2023,9,1
785,36,47,10,2023-03-29,2023,3,29
786,36,194,7,2024-03-23,2024,3,23
787,11,113,6,2024-02-16,2024,2,16
788,35,234,2,2024-07-14,2024,7,14
789,15,69,3,2024-05-19,2024,5,19
790,40,112,6,2024-08-04,2024,8,4
791,48,291,10,2023-08-15,2023,8,15
792,27,259,2,2023-05-03,2023,5,3
793,10,52,1,2022-11-16,2022,11,16
794,10,236,7,2023-02-19,2023,2,19
795,7,229,5,2023-03-19,2023,3,19
796,5,76,6,2022-11-15,2022,11,15
797,16,88,6,2023-05-21,2023,5,21
798,7,52,5,2023-08-04,2023,8,4
799,48,189,5,2023-07-11,2023,7,11
800,25,180,1,2023-08-26,2023,8,26
801,16,24,9,2023-05-01,2023,5,1
802,3,286,5,2023-09-27,2023,9,27
803,7,120,7,2024-01-31,2024,1,31
804,39,58,10,2023-04-08,2023,4,8
805,7,298,8,2023-01-03,2023,1,3
806,4,35,7,2023-11-30,2023,11,30
807,9,165,5,2023-10-17,2023,10,17
808,46,227,1,2024-02-20,2024,2,20
809,19,16,7,2024-07-04,2024,7,4
810,9,6,6,2024-05-09,2024,5,9
811,14,240,5,2023-10-22,2023,10,22
812,26,299,7,2024-03-03,2024,3,3
813,33,2,8,2024-04-06,2024,4,6
814,21,217,6,2022-11-20,2022,11,20
815,7,240,8,2023-10-18,2023,10,18
816,34,260,5,2023-07-16,2023,7,16
817,38,204,5,2023-11-25,2023,11,25
818,21,140,2,2024-01-22,2024,1,22
819,13,92,2,2024-07-27,2024,7,27
820,36,271,8,2024-08-20,2024,8,20
821,19,59,6,2023-07-30,2023,7,30
822,25,56,5,2024-01-21,2024,1,21
823,43,265,2,2023-02-08,2023,2,8
824,17,154,10,2023-01-25,2023,1,25
825,9,171,5,2024-10-16,2024,10,16
826,36,2,2,2023-12-27,2023,12,27
827,45,141,10,2024-02-16,2024,2,16
828,39,114,8,2023-11-05,2023,11,5
829,15,298,5,2023-08-16,2023,8,16
830,24,142,3,2024-10-15,2024,10,15
831,7,77,7,2023-01-10,2023,1,10
832,36,293,9,2022-12-17,2022,12,17
833,7,191,2,2024-03-28,2024,3,28
834,11,53,1,2024-01-23,2024,1,23
835,35,67,3,2024-03-30,2024,3,30
836,44,48,5,2023-04-16,2023,4,16
837,24,200,1,2024-07-17,2024,7,17
838,46,236,7,2023-05-02,2023,5,2
839,24,283,5,2024-07-02,2024,7,2
840,19,142,4,2024-02-13,2024,2,13
841,23,47,6,2022-10-26,2022,10,26
842,20,191,10,2023-06-13,2023,6,13
843,47,89,8,2022-12-20,2022,12,20
844,46,63,8,2023-07-11,2023,7,11
845,7,194,10,2024-01-31,2024,1,31
846,43,278,6,2023-06-18,2023,6,18
847,23,190,8,2023-12-08,2023,12,8
848,43,34,5,2022-12-03,2022,12,3
849,15,247,1,2023-02-17,2023,2,17
850,42,126,2,2023-03-09,2023,3,9
851,21,291,2,2023-11-22,2023,11,22
852,35,243,5,2024-06-03,2024,6,3
853,14,118,6,2023-01-14,2023,1,14
854,9,267,9,2023-12-31,2023,12,31
855,24,289,8,2023-01-16,2023,1,16
856,43,53,7,2024-05-07,2024,5,7
857,4,163,6,2022-11-04,2022,11,4
858,11,264,9,2023-03-19,2023,3,19
859,43,283,8,2023-12-23,2023,12,23
860,21,33,9,2023-01-17,2023,1,17
861,36,162,3,2024-01-17,2024,1,17
862,23,106,9,2023-12-19,2023,12,19
863,6,234,4,2023-01-08,2023,1,8
864,37,141,1,2023-07-26,2023,7,26
865,43,83,4,2023-08-08,2023,8,8
866,23,48,6,2024-06-12,2024,6,12
867,32,197,2,2024-09-02,2024,9,2
868,22,172,2,2023-05-16,2023,5,16
869,50,18,1,2024-04-19,2024,4,19
870,25,197,2,2023-01-10,2023,1,10
871,16,237,7,2024-04-14,2024,4,14
872,35,213,8,2023-04-11,2023,4,11
873,1,161,7,2024-04-17,2024,4,17
874,22,41,8,2024-04-29,2024,4,29
875,13,252,2,2023-04-15,2023,4,15
876,23,150,10,2023-04-15,2023,4,15
877,25,157,9,2024-01-21,2024,1,21
878,15,176,3,2024-03-09,2024,3,9
879,44,122,3,2022-12-17,2022,12,17
880,41,275,3,2023-03-21,2023,3,21
881,39,244,9,2023-11-18,2023,11,18
882,24,173,2,2023-07-23,2023,7,23
883,49,172,4,2023-04-24,2023,4,24
884,15,147,2,2024-04-23,2024,4,23
885,11,178,6,2023-02-05,2023,2,5
886,28,20,10,2023-08-11,2023,8,11
887,34,117,6,2024-03-12,2024,3,12
888,1,257,2,2024-02-10,2024,2,10
889,19,210,8,2023-01-17,2023,1,17
890,2,26,4,2023-06-03,2023,6,3
891,24,15,9,2024-09-08,2024,9,8
892,34,228,7,2023-01-28,2023,1,28
893,49,231,8,2023-11-21,2023,11,21
894,15,287,1,2024-01-13,2024,1,13
895,12,41,10,2023-12-16,2023,12,16
896,26,241,5,2022-12-05,2022,12,5
897,29,14,8,2024-09-28,2024,9,28
898,30,54,2,2024-05-26,2024,5,26
899,9,211,9,2024-02-16,2024,2,16
900,43,89,10,2024-08-24,2024,8,24
901,44,125,10,2023-03-06,2023,3,6
902,30,263,10,2024-04-02,2024,4,2
903,41,26,10,2024-03-30,2024,3,30
904,28,221,8,2024-09-08,2024,9,8
905,25,188,10,2023-08-17,2023,8,17
906,13,68,3,2024-08-02,2024,8,2
907,17,166,5,2022-10-24,2022,10,24
908,34,192,5,2024-10-02,2024,10,2
909,38,25,6,2023-08-30,2023,8,30
910,8,183,5,2023-09-06,2023,9,6
911,15,245,9,2024-02-20,2024,2,20
912,21,202,4,2023-01-02,2023,1,2
913,28,45,10,2024-07-06,2024,7,6
914,28,280,9,2022-11-29,2022,11,29
915,40,284,9,2023-07-03,2023,7,3
916,19,103,3,2023-01-29,2023,1,29
917,4,51,10,2024-06-01,2024,6,1
918,43,151,10,2024-08-30,2024,8,30
919,37,24,4,2024-03-23,2024,3,23
920,20,8,1,2024-08-09,2024,8,9
921,24,101,6,2024-08-27,2024,8,27
922,7,110,3,2023-07-25,2023,7,25
923,3,115,8,2023-02-18,2023,2,18
924,24,107,10,2024-03-02,2024,3,2
925,36,57,10,2023-04-18,2023,4,18
926,30,41,10,2023-10-23,2023,10,23
927,8,16,3,2024-10-15,2024,10,15
928,48,39,5,2024-01-21,2024,1,21
929,19,109,10,2022-12-02,2022,12,2
930,33,6,7,2024-04-28,2024,4,28
931,32,196,10,2022-10-25,2022,10,25
932,9,192,1,2023-05-31,2023,5,31
933,8,34,5,2023-01-17,2023,1,17
934,10,212,6,2022-11-19,2022,11,19
935,42,265,2,2023-12-06,2023,12,6
936,26,70,10,2023-12-26,2023,12,26
937,7,29,8,2023-06-14,2023,6,14
938,41,274,1,2023-03-17,2023,3,17
939,35,273,5,2023-03-30,2023,3,30
940,3,166,2,2024-05-04,2024,5,4
941,32,169,3,2024-01-27,2024,1,27
942,40,134,10,2024-06-06,2024,6,6
943,6,95,10,2024-09-16,2024,9,16
944,46,47,6,2024-01-16,2024,1,16
945,23,111,10,2023-07-06,2023,7,6
946,48,179,1,2023-12-15,2023,12,15
947,22,286,9,2024-08-14,2024,8,14
948,37,264,1,2023-06-08,2023,6,8
949,2,32,2,2023-12-11,2023,12,11
950,34,189,5,2022-10-21,2022,10,21
951,12,227,1,2024-06-13,2024,6,13
952,21,157,8,2023-07-11,2023,7,11
953,46,64,3,2024-03-23,2024,3,23
954,34,100,1,2023-04-28,2023,4,28
955,7,56,1,2024-03-18,2024,3,18
956,17,5,8,2023-08-08,2023,8,8
957,44,7,5,2023-02-12,2023,2,12
958,45,240,7,2023-01-25,2023,1,25
959,1,144,8,2023-12-15,2023,12,15
960,34,193,3,2023-09-25,2023,9,25
961,10,33,2,2024-09-07,2024,9,7
962,19,191,1,2023-11-07,2023,11,7
963,16,248,7,2023-05-15,2023,5,15
964,17,259,1,2023-03-14,2023,3,14
965,47,50,7,2023-12-15,2023,12,15
966,24,162,9,2023-06-22,2023,6,22
967,47,277,9,2024-10-11,2024,10,11
968,26,151,9,2023-09-06,2023,9,6
969,32,17,2,2024-03-24,2024,3,24
970,41,16,6,2023-08-30,2023,8,30
971,36,166,5,2024-04-18,2024,4,18
972,46,41,2,2023-03-14,2023,3,14
973,25,51,7,2023-03-26,2023,3,26
974,32,272,6,2023-02-22,2023,2,22
975,22,176,10,2024-04-07,2024,4,7
976,6,39,2,2024-02-03,2024,2,3
977,49,180,5,2024-05-18,2024,5,18
978,48,45,5,2023-07-09,2023,7,9
979,50,164,4,2024-03-15,2024,3,15
980,47,113,8,2023-07-17,2023,7,17
981,13,6,10,2022-10-27,2022,10,27
982,31,263,10,2022-11-28,2022,11,28
983,12,252,5,2024-09-26,2024,9,26
984,43,252,4,2023-12-12,2023,12,12
985,7,53,10,2024-08-17,2024,8,17
986,36,151,9,2024-08-29,2024,8,29
987,3,277,3,2023-02-22,2023,2,22
988,18,20,6,2024-02-17,2024,2,17
989,46,149,2,2023-09-12,2023,9,12
990,8,50,6,2023-12-19,2023,12,19
991,35,215,1,2024-08-09,2024,8,9
992,31,33,4,2024-09-08,2024,9,8
993,49,163,2,2023-03-12,2023,3,12
994,50,117,8,2024-04-03,2024,4,3
995,16,15,4,2024-08-18,2024,8,18
996,46,214,2,2024-05-30,2024,5,30
997,9,90,8,2023-10-31,2023,10,31
998,11,47,6,2024-08-15,2024,8,15
999,14,243,7,2024-02-19,2024,2,19
1000,36,163,3,2024-06-01,2024,6,1
1001,36,260,7,2024-10-06,2024,10,6
1002,36,124,6,2023-05-28,2023,5,28
1003,25,229,8,2023-10-28,2023,10,28
1004,34,264,2,2022-12-10,2022,12,10
1005,18,19,5,2024-09-22,2024,9,22
1006,28,203,10,2024-08-24,2024,8,24
1007,28,63,2,2024-03-31,2024,3,31
1008,14,119,5,2023-06-06,2023,6,6
1009,16,243,8,2023-10-22,2023,10,22
1010,7,105,1,2024-03-27,2024,3,27
1011,44,60,8,2023-11-16,2023,11,16
1012,41,92,4,2023-06-10,2023,6,10
1013,7,179,3,2023-05-12,2023,5,12
1014,44,198,2,2023-09-05,2023,9,5
1015,23,182,2,2024-07-21,2024,7,21
1016,2,24,9,2024-05-13,2024,5,13
1017,8,3,10,2024-08-13,2024,8,13
1018,23,121,8,2024-01-01,2024,1,1
1019,45,179,9,2023-03-21,2023,3,21
1020,25,61,1,2024-01-05,2024,1,5
1021,19,279,3,2022-11-17,2022,11,17
1022,23,98,3,2023-06-28,2023,6,28
1023,37,244,4,2023-10-24,2023,10,24
1024,36,218,9,2023-12-16,2023,12,16
1025,16,11,2,2024-08-07,2024,8,7
1026,1,143,3,2024-03-14,2024,3,14
1027,13,251,2,2024-02-01,2024,2,1
1028,27,126,8,2023-12-09,2023,12,9
1029,2,77,3,2024-07-20,2024,7,20
1030,44,190,6,2024-02-16,2024,2,16
1031,21,109,9,2023-02-01,2023,2,1
1032,49,188,5,2024-07-05,2024,7,5
1033,29,53,8,2022-12-02,2022,12,2
1034,14,55,1,2023-04-25,2023,4,25
1035,28,265,9,2023-06-12,2023,6,12
1036,15,217,9,2024-09-03,2024,9,3
1037,15,293,1,2024-06-10,2024,6,10
1038,50,146,7,2024-02-15,2024,2,15
1039,6,181,1,2024-08-05,2024,8,5
1040,13,258,7,2024-09-09,2024,9,9
1041,40,157,10,2023-01-07,2023,1,7
1042,36,241,10,2023-09-10,2023,9,10
1043,3,59,1,2023-06-15,2023,6,15
1044,16,126,4,2023-12-03,2023,12,3
1045,14,265,10,2023-04-06,2023,4,6
1046,2,240,7,2023-10-13,2023,10,13
1047,16,116,2,2023-01-28,2023,1,28
1048,11,230,9,2023-06-05,2023,6,5
1049,8,99,7,2023-04-12,2023,4,12
1050,46,79,5,2024-01-05,2024,1,5
1051,21,94,9,2023-11-17,2023,11,17
1052,16,57,3,2024-07-25,2024,7,25
1053,36,75,5,2024-05-18,2024,5,18
1054,1,217,10,2024-10-08,2024,10,8
1055,30,15,10,2024-08-27,2024,8,27
1056,3,183,8,2024-03-18,2024,3,18
1057,3,26,3,2022-12-03,2022,12,3
1058,21,72,2,2024-07-12,2024,7,12
1059,12,125,2,2022-10-21,2022,10,21
1060,21,213,3,2023-09-21,2023,9,21
1061,50,231,5,2024-03-07,2024,3,7
1062,14,254,9,2023-08-07,2023,8,7
1063,49,20,3,2024-03-11,2024,3,11
1064,46,266,3,2024-04-18,2024,4,18
1065,15,144,3,2023-10-29,2023,10,29
1066,2,252,10,2023-12-26,2023,12,26
1067,2,246,8,2023-02-18,2023,2,18
1068,1,113,6,2023-06-08,2023,6,8
1069,43,170,8,2023-10-18,2023,10,18
1070,16,7,3,2024-02-12,2024,2,12
1071,8,39,2,2023-08-21,2023,8,21
1072,40,163,1,2023-12-07,2023,12,7
1073,36,77,7,2023-08-14,2023,8,14
1074,9,72,1,2023-11-02,2023,11,2
1075,39,22,8,2023-12-06,2023,12,6
1076,1,239,3,2023-12-03,2023,12,3
1077,14,143,3,2023-10-23,2023,10,23
1078,24,153,4,2023-11-24,2023,11,24
1079,2,145,7,2023-09-01,2023,9,1
1080,17,141,8,2023-08-31,2023,8,31
1081,45,172,10,2023-02-04,2023,2,4
1082,20,82,6,2022-11-05,2022,11,5
1083,9,295,9,2023-07-27,2023,7,27
1084,50,33,5,2023-02-11,2023,2,11
1085,20,276,5,2024-06-03,2024,6,3
1086,43,15,2,2023-09-11,2023,9,11
1087,35,135,6,2023-06-29,2023,6,29
1088,23,265,3,2024-02-24,2024,2,24
1089,28,17,5,2024-02-04,2024,2,4
1090,50,2,5,2023-07-13,2023,7,13
1091,20,296,3,2024-08-16,2024,8,16
1092,43,278,1,2023-07-10,2023,7,10
1093,36,18,1,2022-12-23,2022,12,23
1094,47,195,4,2024-07-29,2024,7,29
1095,29,172,7,2024-01-11,2024,1,11
1096,22,120,3,2024-02-19,2024,2,19
1097,49,289,4,2023-06-06,2023,6,6
1098,7,38,4,2023-05-29,2023,5,29
1099,48,127,2,2022-12-02,2022,12,2
1100,27,97,10,2023-03-22,2023,3,22
1101,20,93,7,2022-12-17,2022,12,17
1102,46,161,9,2022-11-17,2022,11,17
1103,45,87,7,2024-03-13,2024,3,13
1104,39,234,3,2023-01-21,2023,1,21
1105,48,275,6,2024-10-16,2024,10,16
1106,14,1,10,2024-09-24,2024,9,24
1107,2,99,6,2024-08-19,2024,8,19
1108,28,268,9,2024-01-18,2024,1,18
1109,11,227,10,2023-03-15,2023,3,15
1110,40,22,1,2024-08-06,2024,8,6
1111,8,184,4,2024-04-25,2024,4,25
1112,1,210,4,2023-01-05,2023,1,5
1113,23,144,9,2024-04-16,2024,4,16
1114,27,20,3,2023-05-24,2023,5,24
1115,5,174,10,2024-03-27,2024,3,27
1116,20,199,9,2023-09-24,2023,9,24
1117,13,50,5,2023-12-18,2023,12,18
1118,26,147,7,2023-11-18,2023,11,18
1119,20,59,9,2023-06-30,2023,6,30
1120,32,68,7,2024-06-26,2024,6,26
1121,2,66,2,2023-05-18,2023,5,18
1122,46,246,3,2023-08-27,2023,8,27
1123,31,107,4,2023-05-14,2023,5,14
1124,43,16,6,2024-09-06,2024,9,6
1125,10,3,9,2023-11-26,2023,11,26
1126,12,235,6,2023-12-31,2023,12,31
1127,29,6,10,2023-06-24,2023,6,24
1128,30,51,5,2024-04-14,2024,4,14
1129,21,2,1,2024-02-03,2024,2,3
1130,34,199,6,2022-12-09,2022,12,9
1131,5,35,7,2024-04-22,2024,4,22
1132,9,90,3,2023-09-06,2023,9,6
1133,25,116,8,2024-07-19,2024,7,19
1134,29,175,2,2023-12-17,2023,12,17
1135,42,222,3,2023-02-24,2023,2,24
1136,24,286,2,2024-01-06,2024,1,6
1137,20,232,1,2023-09-30,2023,9,30
1138,18,189,10,2023-06-30,2023,6,30
1139,10,227,9,2024-06-24,2024,6,24
1140,38,279,8,2023-06-01,2023,6,1
1141,39,110,6,2023-10-24,2023,10,24
1142,11,66,8,2023-01-20,2023,1,20
1143,44,293,5,2024-06-10,2024,6,10
1144,29,31,10,2024-09-06,2024,9,6
1145,32,199,1,2024-07-03,2024,7,3
1146,49,155,6,2022-11-25,2022,11,25
1147,12,19,5,2023-03-07,2023,3,7
1148,46,63,3,2024-09-13,2024,9,13
1149,38,81,1,2023-04-19,2023,4,19
1150,41,122,3,2023-09-09,2023,9,9
1151,10,236,8,2023-11-16,2023,11,16
1152,36,227,9,2024-09-04,2024,9,4
1153,31,93,2,2024-05-26,2024,5,26
1154,10,66,10,2023-11-10,2023,11,10
1155,49,14,4,2023-12-20,2023,12,20
1156,32,113,9,2024-04-13,2024,4,13
1157,4,172,9,2023-01-06,2023,1,6
1158,46,80,3,2024-02-03,2024,2,3
1159,10,8,5,2024-03-04,2024,3,4
1160,22,59,2,2023-12-28,2023,12,28
1161,37,256,3,2023-10-21,2023,10,21
1162,8,207,2,2024-08-08,2024,8,8
1163,32,243,7,2023-10-19,2023,10,19
1164,39,89,9,2022-11-18,2022,11,18
1165,37,218,9,2024-07-22,2024,7,22
1166,1,16,4,2024-05-02,2024,5,2
1167,45,72,1,2023-01-23,2023,1,23
1168,38,134,3,2024-04-27,2024,4,27
1169,29,280,8,2023-01-14,2023,1,14
1170,9,42,10,2024-10-10,2024,10,10
1171,21,234,3,2023-03-06,2023,3,6
1172,6,21,1,2024-06-26,2024,6,26
1173,46,280,8,2024-08-29,2024,8,29
1174,26,38,3,2022-12-26,2022,12,26
1175,15,198,9,2023-08-21,2023,8,21
1176,19,147,10,2024-10-14,2024,10,14
1177,11,10,3,2022-12-29,2022,12,29
1178,41,42,8,2023-08-30,2023,8,30
1179,41,131,5,2024-09-16,2024,9,16
1180,43,270,9,2024-03-22,2024,3,22
1181,8,110,10,2023-05-15,2023,5,15
1182,20,57,2,2024-01-16,2024,1,16
1183,10,175,6,2023-10-23,2023,10,23
1184,46,201,3,2023-07-13,2023,7,13
1185,46,26,1,2024-09-19,2024,9,19
1186,2,68,6,2024-08-15,2024,8,15
1187,12,85,4,2023-12-31,2023,12,31
1188,31,59,6,2023-01-29,2023,1,29
1189,18,245,1,2023-07-12,2023,7,12
1190,2,209,7,2023-05-22,2023,5,22
1191,50,7,2,2024-07-13,2024,7,13
1192,30,254,1,2024-05-14,2024,5,14
1193,14,260,3,2023-10-11,2023,10,11
1194,21,257,4,2024-03-27,2024,3,27
1195,45,233,6,2023-05-24,2023,5,24
1196,10,169,4,2022-11-12,2022,11,12
1197,5,261,8,2024-06-09,2024,6,9
1198,5,294,8,2023-05-25,2023,5,25
1199,13,232,3,2023-01-18,2023,1,18
1200,23,262,8,2024-02-15,2024,2,15
1201,44,187,10,2023-05-31,2023,5,31
1202,1,196,5,2022-10-25,2022,10,25
1203,15,7,5,2024-05-02,2024,5,2
1204,48,21,2,2023-09-01,2023,9,1
1205,40,203,5,2023-11-05,2023,11,5
1206,29,87,2,2023-11-30,2023,11,30
1207,6,50,8,2024-05-24,2024,5,24
1208,19,167,7,2023-11-03,2023,11,3
1209,32,287,7,2023-08-25,2023,8,25
1210,49,173,6,2024-07-08,2024,7,8
1211,20,147,7,2023-01-20,2023,1,20
1212,29,216,5,2023-11-10,2023,11,10
1213,8,256,9,2023-02-28,2023,2,28
1214,31,180,10,2023-08-09,2023,8,9
1215,20,150,6,2022-11-04,2022,11,4
1216,31,90,1,2023-03-06,2023,3,6
1217,5,62,8,2024-04-08,2024,4,8
1218,7,210,5,2024-06-20,2024,6,20
1219,30,243,4,2024-01-16,2024,1,16
1220,32,105,4,2023-12-31,2023,12,31
1221,13,161,4,2023-04-26,2023,4,26
1222,49,292,2,2023-02-17,2023,2,17
1223,5,53,6,2023-06-02,2023,6,2
1224,32,293,9,2023-09-04,2023,9,4
1225,10,156,2,2023-12-28,2023,12,28
1226,5,23,7,2024-04-14,2024,4,14
1227,11,33,7,2022-11-20,2022,11,20
1228,45,127,2,2022-11-29,2022,11,29
1229,5,59,4,2024-02-17,2024,2,17
1230,13,182,5,2023-06-04,2023,6,4
1231,44,249,4,2024-03-10,2024,3,10
1232,33,270,10,2024-01-13,2024,1,13
1233,42,285,8,2022-11-20,2022,11,20
1234,32,89,7,2024-03-30,2024,3,30
1235,24,233,4,2024-05-06,2024,5,6
1236,34,168,1,2024-03-05,2024,3,5
1237,41,267,8,2022-10-29,2022,10,29
1238,27,158,3,2024-02-05,2024,2,5
1239,37,214,7,2022-11-21,2022,11,21
1240,3,187,8,2024-05-07,2024,5,7
1241,39,288,5,2023-05-04,2023,5,4
1242,35,169,3,2024-08-11,2024,8,11
1243,34,121,10,2023-05-28,2023,5,28
1244,11,200,6,2024-07-23,2024,7,23
1245,19,170,10,2023-04-02,2023,4,2
1246,9,23,5,2024-09-16,2024,9,16
1247,20,127,7,2023-09-22,2023,9,22
1248,7,128,3,2023-06-12,2023,6,12
1249,45,54,3,2022-12-30,2022,12,30
1250,15,126,8,2024-05-31,2024,5,31
1251,26,139,3,2023-08-08,2023,8,8
1252,27,279,1,2024-08-12,2024,8,12
1253,44,237,9,2024-05-19,2024,5,19
1254,11,46,3,2024-05-05,2024,5,5
1255,3,297,5,2023-12-20,2023,12,20
1256,3,152,2,2023-11-18,2023,11,18
1257,24,8,8,2023-09-08,2023,9,8
1258,26,106,1,2023-06-02,2023,6,2
1259,42,135,3,2023-08-09,2023,8,9
1260,25,132,2,2023-09-06,2023,9,6
1261,46,194,2,2023-05-04,2023,5,4
1262,24,89,1,2024-06-16,2024,6,16
1263,26,165,10,2024-08-23,2024,8,23
1264,40,191,3,2023-12-01,2023,12,1
1265,22,64,1,2022-11-11,2022,11,11
1266,34,245,3,2023-06-06,2023,6,6
1267,39,280,9,2024-01-19,2024,1,19
1268,6,222,4,2023-11-11,2023,11,11
1269,35,182,1,2023-02-02,2023,2,2
1270,6,171,3,2022-11-11,2022,11,11
1271,44,280,1,2024-05-21,2024,5,21
1272,23,258,9,2023-03-03,2023,3,3
1273,4,4,2,2023-05-10,2023,5,10
1274,21,71,4,2024-03-31,2024,3,31
1275,16,111,1,2023-02-02,2023,2,2
1276,20,279,7,2024-02-13,2024,2,13
1277,11,156,6,2023-08-22,2023,8,22
1278,49,273,7,2023-12-29,2023,12,29
1279,20,199,10,2024-07-31,2024,7,31
1280,3,177,9,2022-10-27,2022,10,27
1281,31,79,6,2023-09-20,2023,9,20
1282,44,204,3,2023-10-24,2023,10,24
1283,18,271,3,2023-02-09,2023,2,9
1284,34,280,10,2024-01-10,2024,1,10
1285,46,204,4,2023-12-04,2023,12,4
1286,29,235,5,2024-05-12,2024,5,12
1287,20,70,7,2023-11-25,2023,11,25
1288,35,202,9,2022-12-15,2022,12,15
1289,24,13,7,2023-06-20,2023,6,20
1290,13,275,3,2023-08-28,2023,8,28
1291,32,187,6,2023-09-11,2023,9,11
1292,14,115,4,2023-09-17,2023,9,17
1293,8,278,10,2023-09-11,2023,9,11
1294,29,112,2,2024-05-22,2024,5,22
1295,38,127,2,2023-06-10,2023,6,10
1296,4,279,1,2023-12-21,2023,12,21
1297,40,205,8,2024-05-28,2024,5,28
1298,1,82,3,2022-12-14,2022,12,14
1299,22,191,8,2024-01-01,2024,1,1
1300,21,47,4,2024-01-27,2024,1,27
1301,20,35,6,2024-08-18,2024,8,18
1302,6,293,2,2023-10-02,2023,10,2
1303,1,256,9,2024-06-23,2024,6,23
1304,16,57,2,2024-03-01,2024,3,1
1305,27,180,6,2023-03-15,2023,3,15
1306,34,136,2,2023-02-13,2023,2,13
1307,42,267,2,2023-07-24,2023,7,24
1308,39,204,4,2024-05-25,2024,5,25
1309,17,285,1,2024-06-09,2024,6,9
1310,20,30,4,2023-09-01,2023,9,1
1311,1,23,7,2023-07-02,2023,7,2
1312,40,196,7,2023-01-02,2023,1,2
1313,3,24,7,2022-11-08,2022,11,8
1314,8,81,10,2024-07-16,2024,7,16
1315,29,71,8,2024-09-15,2024,9,15
1316,44,196,7,2023-03-30,2023,3,30
1317,38,112,1,2023-10-26,2023,10,26
1318,9,205,6,2023-12-04,2023,12,4
1319,21,173,7,2024-08-16,2024,8,16
1320,10,271,8,2023-04-05,2023,4,5
1321,7,77,3,2022-12-26,2022,12,26
1322,49,295,3,2024-02-27,2024,2,27
1323,50,287,7,2023-09-05,2023,9,5
1324,24,168,4,2023-10-20,2023,10,20
1325,32,134,3,2024-01-27,2024,1,27
1326,19,61,6,2023-03-26,2023,3,26
1327,8,266,3,2022-10-27,2022,10,27
1328,15,249,4,2024-04-03,2024,4,3
1329,46,11,7,2023-12-23,2023,12,23
1330,44,206,7,2023-11-14,2023,11,14
1331,43,192,9,2023-05-04,2023,5,4
1332,47,226,8,2024-05-18,2024,5,18
1333,19,40,4,2023-08-16,2023,8,16
1334,28,39,7,2024-03-20,2024,3,20
1335,11,224,5,2023-01-07,2023,1,7
1336,13,229,1,2023-03-27,2023,3,27
1337,16,201,3,2024-04-23,2024,4,23
1338,14,119,3,2023-11-13,2023,11,13
1339,27,195,1,2024-04-26,2024,4,26
1340,29,209,6,2023-01-14,2023,1,14
1341,43,59,10,2024-01-13,2024,1,13
1342,25,141,5,2024-04-13,2024,4,13
1343,40,230,2,2024-09-01,2024,9,1
1344,13,145,1,2024-08-02,2024,8,2
1345,27,48,4,2024-03-15,2024,3,15
1346,34,142,7,2023-01-23,2023,1,23
1347,33,99,7,2023-02-17,2023,2,17
1348,19,91,2,2024-06-16,2024,6,16
1349,44,281,10,2022-11-01,2022,11,1
1350,35,130,6,2024-06-20,2024,6,20
1351,19,265,2,2023-01-27,2023,1,27
1352,13,79,1,2023-06-03,2023,6,3
1353,12,118,1,2023-09-12,2023,9,12
1354,28,14,4,2023-02-06,2023,2,6
1355,37,277,10,2024-01-23,2024,1,23
1356,40,71,3,2024-08-06,2024,8,6
1357,10,29,7,2022-11-16,2022,11,16
1358,40,140,6,2023-09-09,2023,9,9
1359,50,121,7,2023-05-15,2023,5,15
1360,39,153,4,2024-04-01,2024,4,1
1361,4,155,7,2023-06-21,2023,6,21
1362,15,232,9,2023-11-13,2023,11,13
1363,50,277,7,2023-02-23,2023,2,23
1364,21,193,3,2023-12-23,2023,12,23
1365,40,163,10,2024-03-14,2024,3,14
1366,40,21,7,2022-12-16,2022,12,16
1367,5,23,1,2024-01-17,2024,1,17
1368,14,155,2,2024-03-01,2024,3,1
1369,37,27,8,2022-11-17,2022,11,17
1370,15,66,6,2024-07-21,2024,7,21
1371,5,98,1,2023-08-01,2023,8,1
1372,7,210,1,2022-10-31,2022,10,31
1373,29,71,9,2023-04-26,2023,4,26
1374,16,264,2,2023-06-14,2023,6,14
1375,13,89,10,2023-03-29,2023,3,29
1376,4,108,6,2024-06-23,2024,6,23
1377,49,210,9,2024-08-15,2024,8,15
1378,24,155,3,2023-04-26,2023,4,26
1379,35,17,10,2024-09-25,2024,9,25
1380,44,244,8,2023-02-08,2023,2,8
1381,41,126,6,2023-11-25,2023,11,25
1382,25,156,8,2022-11-26,2022,11,26
1383,11,274,3,2024-09-26,2024,9,26
1384,7,64,8,2022-11-29,2022,11,29
1385,50,218,6,2022-12-09,2022,12,9
1386,40,195,5,2024-10-09,2024,10,9
1387,7,183,10,2024-09-12,2024,9,12
1388,8,72,10,2023-05-31,2023,5,31
1389,33,100,10,2024-03-08,2024,3,8
1390,38,103,9,2024-03-06,2024,3,6
1391,12,146,5,2023-05-28,2023,5,28
1392,36,166,1,2022-12-23,2022,12,23
1393,48,7,9,2023-11-24,2023,11,24
1394,6,63,3,2024-04-05,2024,4,5
1395,14,61,7,2024-06-03,2024,6,3
1396,42,259,1,2024-01-18,2024,1,18
1397,10,189,6,2023-11-12,2023,11,12
1398,31,209,9,2024-06-09,2024,6,9
1399,19,275,5,2023-12-01,2023,12,1
1400,50,135,4,2023-03-13,2023,3,13
1401,30,179,9,2023-01-18,2023,1,18
1402,33,181,1,2023-01-01,2023,1,1
1403,44,278,8,2024-06-05,2024,6,5
1404,38,33,8,2022-12-01,2022,12,1
1405,33,36,7,2023-06-30,2023,6,30
1406,32,175,3,2024-02-20,2024,2,20
1407,23,240,3,2023-06-05,2023,6,5
1408,50,72,4,2023-09-02,2023,9,2
1409,41,216,5,2022-11-21,2022,11,21
1410,12,210,5,2024-06-12,2024,6,12
1411,20,68,4,2023-03-17,2023,3,17
1412,25,160,10,2024-06-10,2024,6,10
1413,40,124,3,2024-06-19,2024,6,19
1414,38,217,1,2023-08-09,2023,8,9
1415,44,274,8,2023-06-11,2023,6,11
1416,38,277,10,2023-12-24,2023,12,24
1417,26,242,1,2023-03-02,2023,3,2
1418,13,224,9,2024-07-11,2024,7,11
1419,36,247,8,2022-12-25,2022,12,25
1420,47,261,4,2023-12-08,2023,12,8
1421,14,270,10,2024-02-25,2024,2,25
1422,10,122,4,2024-07-18,2024,7,18
1423,31,92,2,2023-10-28,2023,10,28
1424,16,4,4,2023-09-07,2023,9,7
1425,36,290,10,2022-12-16,2022,12,16
1426,50,166,10,2023-03-10,2023,3,10
1427,10,271,9,2024-09-01,2024,9,1
1428,49,65,10,2024-07-23,2024,7,23
1429,2,215,1,2023-11-15,2023,11,15
1430,32,222,9,2023-05-18,2023,5,18
1431,14,175,1,2023-02-18,2023,2,18
1432,27,185,10,2023-09-23,2023,9,23
1433,3,2,1,2024-02-20,2024,2,20
1434,46,11,10,2024-06-06,2024,6,6
1435,33,100,3,2024-06-22,2024,6,22
1436,3,36,7,2022-12-22,2022,12,22
1437,44,18,5,2023-08-14,2023,8,14
1438,27,32,7,2023-04-19,2023,4,19
1439,34,289,1,2024-02-25,2024,2,25
1440,4,245,5,2023-04-07,2023,4,7
1441,17,244,3,2023-12-14,2023,12,14
1442,40,165,8,2024-03-12,2024,3,12
1443,1,172,10,2022-12-01,2022,12,1
1444,23,101,6,2024-02-04,2024,2,4
1445,47,20,10,2024-03-14,2024,3,14
1446,44,133,5,2023-11-10,2023,11,10
1447,5,193,7,2023-05-15,2023,5,15
1448,15,247,7,2024-02-29,2024,2,29
1449,37,259,10,2023-01-30,2023,1,30
1450,12,40,8,2024-07-22,2024,7,22
1451,1,187,6,2024-02-28,2024,2,28
1452,40,151,1,2024-08-07,2024,8,7
1453,27,1,5,2023-01-15,2023,1,15
1454,16,284,4,2024-01-18,2024,1,18
1455,18,292,8,2023-09-01,2023,9,1
1456,10,147,10,2023-09-18,2023,9,18
1457,23,256,6,2022-12-18,2022,12,18
1458,32,81,7,2023-03-30,2023,3,30
1459,5,228,6,2024-03-02,2024,3,2
1460,2,106,1,2023-11-23,2023,11,23
1461,11,266,2,2022-12-10,2022,12,10
1462,15,298,4,2023-09-24,2023,9,24
1463,2,137,5,2024-01-11,2024,1,11
1464,15,56,5,2023-04-02,2023,4,2
1465,6,115,7,2023-05-01,2023,5,1
1466,25,270,4,2024-01-08,2024,1,8
1467,30,204,4,2023-04-03,2023,4,3
1468,17,11,5,2024-03-02,2024,3,2
1469,46,205,8,2023-07-29,2023,7,29
1470,6,94,1,2023-11-06,2023,11,6
1471,39,18,3,2022-10-25,2022,10,25
1472,19,56,1,2023-11-27,2023,11,27
1473,32,139,8,2023-04-18,2023,4,18
1474,18,125,10,2024-03-23,2024,3,23
1475,10,288,6,2022-12-09,2022,12,9
1476,11,115,1,2024-08-23,2024,8,23
1477,37,43,5,2022-11-26,2022,11,26
1478,8,24,7,2023-06-30,2023,6,30
1479,20,274,3,2023-12-24,2023,12,24
1480,2,231,9,2023-05-02,2023,5,2
1481,1,43,3,2024-03-09,2024,3,9
1482,35,33,3,2023-09-05,2023,9,5
1483,45,2,10,2023-09-28,2023,9,28
1484,27,270,10,2022-12-06,2022,12,6
1485,33,85,5,2024-02-14,2024,2,14
1486,22,133,2,2024-07-22,2024,7,22
1487,25,8,5,2023-08-05,2023,8,5
1488,4,263,10,2022-12-07,2022,12,7
1489,15,267,1,2024-02-05,2024,2,5
1490,47,234,5,2023-05-11,2023,5,11
1491,49,212,5,2024-02-04,2024,2,4
1492,3,1,1,2024-04-15,2024,4,15
1493,26,44,1,2024-03-19,2024,3,19
1494,33,61,4,2023-07-09,2023,7,9
1495,9,258,1,2023-03-18,2023,3,18
1496,16,222,5,2024-03-31,2024,3,31
1497,15,132,8,2024-10-17,2024,10,17
1498,34,294,6,2024-09-27,2024,9,27
1499,28,63,8,2024-08-31,2024,8,31
1500,36,220,1,2023-07-31,2023,7,31
1501,25,229,8,2023-03-15,2023,3,15
1502,41,133,2,2022-11-06,2022,11,6
1503,17,223,6,2023-06-29,2023,6,29
1504,22,173,4,2023-02-28,2023,2,28
1505,34,277,1,2023-06-05,2023,6,5
1506,45,187,1,2024-07-29,2024,7,29
1507,27,226,1,2024-01-23,2024,1,23
1508,37,221,9,2024-03-15,2024,3,15
1509,6,129,5,2024-02-21,2024,2,21
1510,5,83,1,2024-04-04,2024,4,4
1511,50,116,8,2024-04-19,2024,4,19
1512,36,212,3,2024-05-12,2024,5,12
1513,15,171,9,2024-09-21,2024,9,21
1514,32,11,7,2024-08-12,2024,8,12
1515,48,18,8,2024-07-09,2024,7,9
1516,16,102,7,2023-09-01,2023,9,1
1517,5,92,1,2023-12-30,2023,12,30
1518,9,127,8,2024-09-09,2024,9,9
1519,15,271,5,2024-01-24,2024,1,24
1520,11,122,3,2024-03-30,2024,3,30
1521,13,278,6,2023-08-16,2023,8,16
1522,12,59,1,2023-05-11,2023,5,11
1523,44,277,6,2024-02-29,2024,2,29
1524,26,15,1,2024-06-08,2024,6,8
1525,35,68,8,2023-09-07,2023,9,7
1526,22,230,4,2024-07-30,2024,7,30
1527,39,201,9,2024-04-25,2024,4,25
1528,28,16,6,2023-02-28,2023,2,28
1529,3,181,4,2023-05-20,2023,5,20
1530,47,53,10,2024-09-01,2024,9,1
1531,22,168,4,2024-05-14,2024,5,14
1532,50,34,6,2023-03-26,2023,3,26
1533,30,28,9,2023-05-17,2023,5,17
1534,45,243,7,2022-11-09,2022,11,9
1535,17,60,3,2024-06-17,2024,6,17
1536,49,39,5,2023-12-19,2023,12,19
1537,29,49,5,2024-10-14,2024,10,14
1538,5,239,10,2024-04-28,2024,4,28
1539,33,239,8,2024-09-17,2024,9,17
1540,3,75,6,2022-10-30,2022,10,30
1541,26,107,10,2023-05-16,2023,5,16
1542,8,214,7,2023-01-21,2023,1,21
1543,31,197,4,2024-06-14,2024,6,14
1544,6,4,3,2024-10-13,2024,10,13
1545,23,119,7,2023-07-21,2023,7,21
1546,47,124,4,2023-08-20,2023,8,20
1547,3,22,7,2023-01-23,2023,1,23
1548,12,164,9,2023-08-12,2023,8,12
1549,34,228,10,2024-04-10,2024,4,10
1550,47,169,2,2023-08-04,2023,8,4
1551,30,183,6,2024-04-07,2024,4,7
1552,31,71,5,2023-07-09,2023,7,9
1553,20,86,10,2024-10-17,2024,10,17
1554,41,282,3,2023-09-28,2023,9,28
1555,31,250,9,2024-06-05,2024,6,5
1556,19,151,8,2023-02-26,2023,2,26
1557,40,171,10,2024-03-23,2024,3,23
1558,5,289,9,2023-01-17,2023,1,17
1559,50,21,10,2024-06-22,2024,6,22
1560,32,178,6,2022-12-29,2022,12,29
1561,14,245,2,2023-03-13,2023,3,13
1562,33,169,6,2023-08-23,2023,8,23
1563,19,76,6,2023-01-14,2023,1,14
1564,48,257,5,2024-07-05,2024,7,5
1565,32,148,2,2024-09-13,2024,9,13
1566,11,106,8,2023-11-01,2023,11,1
1567,47,24,1,2023-05-25,2023,5,25
1568,47,227,5,2024-04-19,2024,4,19
1569,44,137,8,2024-08-22,2024,8,22
1570,17,178,10,2023-07-09,2023,7,9
1571,23,49,10,2024-01-14,2024,1,14
1572,18,4,10,2024-03-03,2024,3,3
1573,5,258,10,2023-07-31,2023,7,31
1574,39,235,9,2023-03-28,2023,3,28
1575,6,161,4,2024-08-18,2024,8,18
1576,27,173,1,2024-06-10,2024,6,10
1577,49,119,1,2022-12-11,2022,12,11
1578,22,217,1,2023-12-22,2023,12,22
1579,45,251,7,2023-07-09,2023,7,9
1580,46,94,10,2023-03-06,2023,3,6
1581,34,17,9,2023-12-14,2023,12,14
1582,46,110,7,2023-08-05,2023,8,5
1583,32,128,2,2023-01-27,2023,1,27
1584,21,97,3,2024-09-14,2024,9,14
1585,32,81,2,2024-08-04,2024,8,4
1586,46,21,9,2024-06-15,2024,6,15
1587,18,154,1,2024-07-10,2024,7,10
1588,34,63,8,2023-07-19,2023,7,19
1589,22,204,7,2023-02-28,2023,2,28
1590,2,20,6,2024-10-04,2024,10,4
1591,38,174,8,2024-08-04,2024,8,4
1592,14,72,5,2024-09-17,2024,9,17
1593,49,128,1,2022-11-02,2022,11,2
1594,12,76,5,2023-09-10,2023,9,10
1595,46,72,8,2024-01-16,2024,1,16
1596,26,165,9,2024-03-29,2024,3,29
1597,25,187,6,2024-08-04,2024,8,4
1598,31,66,4,2024-09-12,2024,9,12
1599,21,89,4,2023-06-12,2023,6,12
1600,48,270,10,2024-01-20,2024,1,20
1601,4,41,6,2023-12-21,2023,12,21
1602,35,281,9,2023-10-01,2023,10,1
1603,8,121,7,2023-04-08,2023,4,8
1604,45,172,5,2024-01-05,2024,1,5
1605,45,231,2,2023-01-01,2023,1,1
1606,10,126,4,2024-08-13,2024,8,13
1607,4,86,4,2023-04-07,2023,4,7
1608,27,296,8,2024-05-06,2024,5,6
1609,29,109,3,2023-06-21,2023,6,21
1610,44,116,8,2022-12-01,2022,12,1
1611,15,71,10,2024-09-03,2024,9,3
1612,24,275,10,2023-02-28,2023,2,28
1613,20,228,7,2024-03-10,2024,3,10
1614,3,70,8,2023-11-29,2023,11,29
1615,20,70,8,2024-03-06,2024,3,6
1616,3,108,8,2024-01-19,2024,1,19
1617,50,276,10,2022-10-23,2022,10,23
1618,42,54,10,2024-01-21,2024,1,21
1619,49,280,10,2024-06-17,2024,6,17
1620,34,263,2,2023-01-17,2023,1,17
1621,36,142,2,2023-06-04,2023,6,4
1622,27,75,3,2023-11-05,2023,11,5
1623,44,76,5,2023-04-08,2023,4,8
1624,9,94,6,2023-05-28,2023,5,28
1625,35,285,8,2024-08-28,2024,8,28
1626,47,89,9,2023-09-04,2023,9,4
1627,34,137,1,2023-11-17,2023,11,17
1628,32,285,7,2024-10-07,2024,10,7
1629,6,69,9,2023-05-26,2023,5,26
1630,28,292,4,2023-04-09,2023,4,9
1631,6,111,7,2024-08-01,2024,8,1
1632,5,98,3,2023-10-02,2023,10,2
1633,34,178,7,2023-12-10,2023,12,10
1634,16,117,9,2024-04-29,2024,4,29
1635,34,117,2,2024-08-14,2024,8,14
1636,28,219,6,2023-09-16,2023,9,16
1637,15,96,1,2024-07-15,2024,7,15
1638,3,187,2,2022-10-20,2022,10,20
1639,42,287,6,2023-04-13,2023,4,13
1640,34,228,10,2024-05-15,2024,5,15
1641,8,281,10,2024-03-03,2024,3,3
1642,23,238,2,2023-04-28,2023,4,28
1643,37,117,3,2022-12-14,2022,12,14
1644,9,18,4,2024-09-30,2024,9,30
1645,38,203,10,2023-05-31,2023,5,31
1646,43,246,10,2023-03-28,2023,3,28
1647,29,123,4,2023-11-15,2023,11,15
1648,21,293,5,2023-08-14,2023,8,14
1649,22,25,2,2024-04-20,2024,4,20
1650,20,34,9,2024-05-18,2024,5,18
1651,1,10,6,2023-02-15,2023,2,15
1652,33,280,1,2024-05-07,2024,5,7
1653,45,156,6,2023-08-23,2023,8,23
1654,36,247,5,2023-06-01,2023,6,1
1655,36,148,5,2024-03-21,2024,3,21
1656,35,213,4,2024-02-01,2024,2,1
1657,15,184,6,2024-07-21,2024,7,21
1658,43,30,6,2024-04-04,2024,4,4
1659,13,73,10,2022-12-04,2022,12,4
1660,46,133,5,2023-05-02,2023,5,2
1661,10,26,4,2024-08-14,2024,8,14
1662,12,261,7,2024-06-19,2024,6,19
1663,22,3,1,2023-06-11,2023,6,11
1664,46,26,1,2023-07-28,2023,7,28
1665,5,275,4,2024-01-16,2024,1,16
1666,48,156,10,2024-07-08,2024,7,8
1667,22,74,2,2023-12-30,2023,12,30
1668,9,28,9,2024-03-30,2024,3,30
1669,18,109,1,2024-07-24,2024,7,24
1670,25,278,3,2024-04-03,2024,4,3
1671,35,117,5,2023-07-02,2023,7,2
1672,40,278,7,2024-06-06,2024,6,6
1673,39,150,4,2024-10-01,2024,10,1
1674,49,222,2,2024-01-30,2024,1,30
1675,5,160,10,2024-06-30,2024,6,30
1676,46,157,7,2023-08-25,2023,8,25
1677,13,267,1,2023-08-26,2023,8,26
1678,50,17,2,2022-12-18,2022,12,18
1679,1,138,6,2023-03-26,2023,3,26
1680,18,224,7,2024-10-12,2024,10,12
1681,21,73,10,2023-09-14,2023,9,14
1682,19,117,7,2024-09-18,2024,9,18
1683,11,241,6,2023-01-14,2023,1,14
1684,24,216,8,2024-10-11,2024,10,11
1685,12,299,1,2023-08-25,2023,8,25
1686,4,271,10,2024-04-10,2024,4,10
1687,11,44,5,2023-07-13,2023,7,13
1688,39,274,2,2024-02-04,2024,2,4
1689,48,278,1,2024-07-02,2024,7,2
1690,8,119,2,2023-09-23,2023,9,23
1691,25,169,4,2022-12-23,2022,12,23
1692,15,107,9,2022-11-28,2022,11,28
1693,47,122,9,2022-12-20,2022,12,20
1694,39,5,7,2023-03-16,2023,3,16
1695,1,61,3,2023-05-20,2023,5,20
1696,20,46,1,2023-06-18,2023,6,18
1697,22,151,1,2023-05-12,2023,5,12
1698,14,61,3,2024-01-01,2024,1,1
1699,27,92,6,2023-11-02,2023,11,2
1700,24,56,1,2023-04-16,2023,4,16
1701,34,214,8,2023-02-09,2023,2,9
1702,32,26,6,2024-09-16,2024,9,16
1703,4,21,10,2023-06-01,2023,6,1
1704,5,179,10,2024-08-27,2024,8,27
1705,10,93,8,2023-09-02,2023,9,2
1706,24,297,10,2024-05-21,2024,5,21
1707,3,24,2,2023-04-10,2023,4,10
1708,27,151,3,2023-10-04,2023,10,4
1709,34,179,6,2023-08-25,2023,8,25
1710,35,182,6,2024-05-30,2024,5,30
1711,49,54,10,2023-05-14,2023,5,14
1712,47,44,6,2022-10-20,2022,10,20
1713,46,286,9,2022-12-20,2022,12,20
1714,44,109,7,2024-09-06,2024,9,6
1715,36,257,6,2023-01-25,2023,1,25
1716,28,121,8,2022-11-05,2022,11,5
1717,18,255,7,2024-06-24,2024,6,24
1718,19,270,5,2024-09-13,2024,9,13
1719,13,13,8,2023-03-10,2023,3,10
1720,39,66,3,2022-10-27,2022,10,27
1721,37,71,8,2022-11-25,2022,11,25
1722,44,201,7,2023-08-19,2023,8,19
1723,25,205,10,2023-06-06,2023,6,6
1724,8,210,3,2024-06-18,2024,6,18
1725,16,229,5,2024-08-31,2024,8,31
1726,20,125,7,2024-09-26,2024,9,26
1727,36,112,6,2022-11-18,2022,11,18
1728,27,158,1,2024-09-20,2024,9,20
1729,23,272,6,2023-06-21,2023,6,21
1730,34,124,9,2024-02-11,2024,2,11
1731,21,148,5,2023-08-12,2023,8,12
1732,8,62,8,2024-02-11,2024,2,11
1733,4,6,8,2024-04-19,2024,4,19
1734,2,184,3,2023-12-15,2023,12,15
1735,18,57,5,2023-07-04,2023,7,4
1736,37,287,2,2023-04-21,2023,4,21
1737,21,210,7,2023-04-11,2023,4,11
1738,47,263,4,2022-12-29,2022,12,29
1739,41,87,5,2024-09-06,2024,9,6
1740,14,179,10,2024-09-17,2024,9,17
1741,15,7,1,2022-12-05,2022,12,5
1742,41,234,3,2023-09-29,2023,9,29
1743,29,245,6,2023-12-13,2023,12,13
1744,27,87,9,2023-04-18,2023,4,18
1745,37,207,10,2024-01-31,2024,1,31
1746,39,55,10,2023-09-06,2023,9,6
1747,24,188,2,2024-05-07,2024,5,7
1748,28,205,3,2023-09-30,2023,9,30
1749,47,63,5,2023-12-17,2023,12,17
1750,19,210,4,2023-02-03,2023,2,3
1751,27,194,1,2024-07-27,2024,7,27
1752,43,117,2,2024-06-24,2024,6,24
1753,14,136,9,2023-05-15,2023,5,15
1754,29,179,10,2024-03-13,2024,3,13
1755,9,236,1,2023-03-02,2023,3,2
1756,40,289,8,2022-12-21,2022,12,21
1757,44,245,2,2024-07-20,2024,7,20
1758,13,135,3,2024-09-14,2024,9,14
1759,18,161,1,2024-01-11,2024,1,11
1760,7,258,4,2023-11-09,2023,11,9
1761,5,157,3,2024-01-17,2024,1,17
1762,38,274,5,2023-11-05,2023,11,5
1763,34,40,8,2023-09-28,2023,9,28
1764,42,162,4,2024-02-25,2024,2,25
1765,42,181,8,2024-02-06,2024,2,6
1766,22,140,10,2024-07-17,2024,7,17
1767,38,148,5,2023-11-19,2023,11,19
1768,5,274,1,2023-07-15,2023,7,15
1769,48,138,9,2024-03-05,2024,3,5
1770,49,112,10,2024-08-11,2024,8,11
1771,18,238,5,2023-07-22,2023,7,22
1772,39,28,6,2024-10-06,2024,10,6
1773,32,62,8,2024-05-29,2024,5,29
1774,17,226,6,2023-03-16,2023,3,16
1775,13,49,10,2023-11-01,2023,11,1
1776,25,62,5,2022-12-13,2022,12,13
1777,6,118,7,2023-10-14,2023,10,14
1778,9,247,9,2024-03-08,2024,3,8
1779,47,249,2,2022-11-27,2022,11,27
1780,32,171,9,2023-06-26,2023,6,26
1781,2,49,3,2024-03-31,2024,3,31
1782,45,47,4,2023-10-19,2023,10,19
1783,22,41,10,2023-03-21,2023,3,21
1784,18,291,5,2024-02-05,2024,2,5
1785,33,106,5,2023-08-06,2023,8,6
1786,25,212,7,2022-12-06,2022,12,6
1787,6,263,5,2023-11-22,2023,11,22
1788,16,195,5,2022-12-12,2022,12,12
1789,2,178,7,2023-11-02,2023,11,2
1790,27,175,7,2022-12-11,2022,12,11
1791,40,136,3,2024-03-31,2024,3,31
1792,47,145,4,2023-12-12,2023,12,12
1793,13,179,2,2023-01-25,2023,1,25
1794,33,210,4,2023-11-12,2023,11,12
1795,18,28,7,2024-02-21,2024,2,21
1796,10,46,8,2023-11-15,2023,11,15
1797,46,275,2,2022-12-06,2022,12,6
1798,46,54,9,2023-05-27,2023,5,27
1799,8,147,4,2024-01-05,2024,1,5
1800,44,102,2,2024-10-02,2024,10,2
1801,32,242,1,2024-03-27,2024,3,27
1802,24,116,10,2024-05-12,2024,5,12
1803,35,2,1,2024-06-29,2024,6,29
1804,48,31,5,2023-07-10,2023,7,10
1805,50,275,8,2024-01-21,2024,1,21
1806,1,8,1,2022-11-03,2022,11,3
1807,6,276,5,2023-11-28,2023,11,28
1808,44,59,5,2024-08-21,2024,8,21
1809,27,7,3,2022-10-29,2022,10,29
1810,45,218,3,2022-12-24,2022,12,24
1811,26,251,8,2023-09-14,2023,9,14
1812,34,225,9,2023-07-07,2023,7,7
1813,3,138,10,2022-11-05,2022,11,5
1814,19,248,6,2022-10-23,2022,10,23
1815,29,20,2,2024-05-01,2024,5,1
1816,16,248,6,2023-02-27,2023,2,27
1817,37,293,2,2023-04-13,2023,4,13
1818,19,84,7,2023-09-24,2023,9,24
1819,7,283,1,2023-12-24,2023,12,24
1820,13,175,3,2022-10-29,2022,10,29
1821,6,238,5,2023-06-09,2023,6,9
1822,7,219,4,2024-07-08,2024,7,8
1823,37,250,3,2022-10-23,2022,10,23
1824,24,121,6,2024-02-24,2024,2,24
1825,32,59,9,2024-04-02,2024,4,2
1826,6,165,5,2023-09-01,2023,9,1
1827,21,164,7,2024-05-11,2024,5,11
1828,33,241,1,2023-11-07,2023,11,7
1829,3,128,5,2024-07-08,2024,7,8
1830,23,24,4,2024-08-29,2024,8,29
1831,14,214,5,2022-12-24,2022,12,24
1832,17,277,5,2023-07-14,2023,7,14
1833,13,228,10,2024-05-29,2024,5,29
1834,18,154,8,2023-11-18,2023,11,18
1835,2,102,10,2024-04-13,2024,4,13
1836,12,22,6,2023-11-30,2023,11,30
1837,44,83,2,2023-10-09,2023,10,9
1838,18,76,4,2023-05-07,2023,5,7
1839,7,181,10,2023-11-02,2023,11,2
1840,19,261,10,2023-04-07,2023,4,7
1841,20,87,2,2024-09-27,2024,9,27
1842,19,111,9,2023-11-06,2023,11,6
1843,23,156,5,2024-03-10,2024,3,10
1844,48,33,9,2024-04-10,2024,4,10
1845,5,277,5,2023-06-09,2023,6,9
1846,31,230,8,2023-08-09,2023,8,9
1847,47,140,9,2023-04-20,2023,4,20
1848,40,170,2,2022-12-30,2022,12,30
1849,44,24,9,2023-03-12,2023,3,12
1850,43,107,10,2023-06-05,2023,6,5
1851,8,134,8,2024-03-16,2024,3,16
1852,42,166,5,2024-08-18,2024,8,18
1853,35,239,9,2022-11-03,2022,11,3
1854,10,100,6,2023-10-01,2023,10,1
1855,44,94,6,2023-08-27,2023,8,27
1856,14,35,1,2023-12-26,2023,12,26
1857,36,7,8,2024-02-10,2024,2,10
1858,10,293,5,2023-12-19,2023,12,19
1859,13,55,6,2023-09-14,2023,9,14
1860,26,254,9,2022-11-30,2022,11,30
1861,4,35,1,2022-12-24,2022,12,24
1862,1,58,3,2023-11-10,2023,11,10
1863,16,186,2,2024-02-24,2024,2,24
1864,19,173,6,2023-01-01,2023,1,1
1865,43,48,10,2023-10-01,2023,10,1
1866,47,186,10,2024-07-22,2024,7,22
1867,6,32,3,2023-08-23,2023,8,23
1868,43,197,3,2023-04-06,2023,4,6
1869,29,272,1,2024-04-12,2024,4,12
1870,7,121,1,2024-07-11,2024,7,11
1871,6,27,1,2023-03-19,2023,3,19
1872,42,163,1,2023-04-02,2023,4,2
1873,11,242,2,2022-12-02,2022,12,2
1874,27,247,2,2023-05-24,2023,5,24
1875,23,81,10,2024-04-10,2024,4,10
1876,5,206,7,2023-05-31,2023,5,31
1877,1,15,8,2024-05-10,2024,5,10
1878,39,236,4,2023-04-23,2023,4,23
1879,29,280,5,2023-09-08,2023,9,8
1880,27,28,8,2023-01-15,2023,1,15
1881,10,2,6,2023-10-18,2023,10,18
1882,37,264,3,2024-05-14,2024,5,14
1883,33,107,3,2022-11-04,2022,11,4
1884,16,250,2,2024-08-13,2024,8,13
1885,47,275,4,2023-12-22,2023,12,22
1886,11,243,10,2024-10-09,2024,10,9
1887,6,22,1,2023-05-27,2023,5,27
1888,18,123,8,2024-05-02,2024,5,2
1889,17,231,1,2024-07-08,2024,7,8
1890,14,101,3,2024-05-04,2024,5,4
1891,8,88,3,2023-09-27,2023,9,27
1892,1,300,3,2023-04-23,2023,4,23
1893,26,104,1,2024-07-28,2024,7,28
1894,40,197,2,2024-05-16,2024,5,16
1895,50,37,10,2023-06-19,2023,6,19
1896,29,267,7,2024-08-26,2024,8,26
1897,22,127,6,2024-05-13,2024,5,13
1898,39,72,5,2022-12-12,2022,12,12
1899,8,283,6,2023-03-10,2023,3,10
1900,22,241,9,2024-09-21,2024,9,21
1901,2,19,8,2024-06-26,2024,6,26
1902,28,267,9,2024-10-10,2024,10,10
1903,31,257,7,2024-02-17,2024,2,17
1904,8,191,5,2023-05-03,2023,5,3
1905,35,117,7,2024-07-11,2024,7,11
1906,26,175,6,2023-01-13,2023,1,13
1907,15,256,5,2024-03-18,2024,3,18
1908,4,128,6,2023-04-22,2023,4,22
1909,43,52,4,2023-05-25,2023,5,25
1910,49,248,7,2024-04-07,2024,4,7
1911,46,83,5,2024-08-17,2024,8,17
1912,33,119,7,2022-12-15,2022,12,15
1913,49,294,5,2022-11-21,2022,11,21
1914,7,168,1,2023-10-31,2023,10,31
1915,40,153,6,2023-01-09,2023,1,9
1916,38,222,6,2022-11-03,2022,11,3
1917,15,67,4,2023-11-17,2023,11,17
1918,41,179,6,2023-06-28,2023,6,28
1919,15,285,7,2024-10-02,2024,10,2
1920,46,292,6,2024-06-27,2024,6,27
1921,26,156,3,2023-11-12,2023,11,12
1922,34,273,9,2023-05-15,2023,5,15
1923,32,212,8,2023-11-25,2023,11,25
1924,25,114,7,2023-03-27,2023,3,27
1925,6,276,4,2022-10-25,2022,10,25
1926,31,77,8,2024-01-05,2024,1,5
1927,31,133,5,2024-03-27,2024,3,27
1928,36,135,9,2024-05-04,2024,5,4
1929,35,221,10,2023-10-20,2023,10,20
1930,49,23,9,2023-04-27,2023,4,27
1931,31,217,1,2023-05-29,2023,5,29
1932,23,280,5,2024-07-29,2024,7,29
1933,42,1,2,2023-04-18,2023,4,18
1934,20,12,5,2023-05-11,2023,5,11
1935,40,8,3,2023-09-03,2023,9,3
1936,15,159,6,2024-09-04,2024,9,4
1937,7,260,8,2024-02-16,2024,2,16
1938,45,172,5,2022-10-27,2022,10,27
1939,20,174,2,2023-09-14,2023,9,14
1940,49,245,9,2024-10-13,2024,10,13
1941,48,271,6,2022-12-17,2022,12,17
1942,32,188,9,2022-12-15,2022,12,15
1943,13,150,7,2024-04-03,2024,4,3
1944,43,94,10,2023-03-19,2023,3,19
1945,26,42,7,2023-03-27,2023,3,27
1946,41,286,5,2023-05-05,2023,5,5
1947,20,263,10,2024-10-08,2024,10,8
1948,21,55,4,2023-07-03,2023,7,3
1949,22,183,5,2024-01-25,2024,1,25
1950,4,230,6,2024-09-26,2024,9,26
1951,29,177,6,2022-12-04,2022,12,4
1952,37,221,3,2023-03-18,2023,3,18
1953,39,166,10,2024-08-17,2024,8,17
1954,30,50,2,2024-06-14,2024,6,14
1955,49,41,2,2024-06-19,2024,6,19
1956,48,40,9,2024-01-22,2024,1,22
1957,49,240,9,2024-08-26,2024,8,26
1958,32,123,5,2022-11-06,2022,11,6
1959,47,245,9,2023-01-31,2023,1,31
1960,12,92,4,2023-03-09,2023,3,9
1961,4,146,7,2023-10-31,2023,10,31
1962,27,276,6,2023-05-05,2023,5,5
1963,47,231,9,2024-10-03,2024,10,3
1964,21,174,1,2023-06-15,2023,6,15
1965,46,185,6,2023-02-12,2023,2,12
1966,17,63,3,2024-05-13,2024,5,13
1967,9,126,9,2023-12-25,2023,12,25
1968,33,135,5,2023-05-28,2023,5,28
1969,7,88,8,2023-05-06,2023,5,6
1970,35,28,6,2024-01-23,2024,1,23
1971,19,69,8,2024-07-30,2024,7,30
1972,33,29,3,2024-02-12,2024,2,12
1973,3,158,3,2023-07-11,2023,7,11
1974,29,94,6,2023-06-03,2023,6,3
1975,3,16,3,2024-02-19,2024,2,19
1976,29,195,3,2023-05-21,2023,5,21
1977,14,282,6,2024-05-30,2024,5,30
1978,9,185,3,2024-01-24,2024,1,24
1979,19,240,5,2023-05-30,2023,5,30
1980,33,212,7,2024-07-24,2024,7,24
1981,32,160,3,2022-10-29,2022,10,29
1982,29,13,2,2023-01-22,2023,1,22
1983,18,274,3,2023-01-23,2023,1,23
1984,23,292,8,2024-01-21,2024,1,21
1985,45,252,10,2024-01-30,2024,1,30
1986,47,198,9,2023-04-21,2023,4,21
1987,15,251,7,2023-09-27,2023,9,27
1988,30,215,8,2024-02-05,2024,2,5
1989,25,11,1,2024-05-18,2024,5,18
1990,34,158,6,2024-02-11,2024,2,11
1991,39,125,1,2024-01-30,2024,1,30
1992,30,229,4,2023-10-05,2023,10,5
1993,6,209,7,2023-07-26,2023,7,26
1994,42,187,4,2022-10-19,2022,10,19
1995,27,121,6,2023-01-18,2023,1,18
1996,44,234,3,2024-07-22,2024,7,22
1997,5,13,8,2023-10-08,2023,10,8
1998,11,104,7,2023-12-23,2023,12,23
1999,8,68,1,2024-08-09,2024,8,9
2000,46,171,7,2023-08-26,2023,8,26
